shot,predicted_rank,actual_result,actual_rank
hit 2,1.5908532386053844,9.0,4.0
hit 3,-1.9819378121852793,10.0,1.0
hit 4,-1.4343691568516865,10.0,1.0
hit 5,5.427093796606407,8.0,7.0
hit 6,1.0232191442339778,9.0,4.0
hit 7,48.946568281597926,8.0,7.0
hit 8,123.16105582413645,10.0,1.0
hit 9,431.0955006532605,8.0,7.0
hit 10,-13.749340847417544,9.0,4.0
