shot,predicted_result,actual_result
hit 2,8.881825475725327,9.0
hit 3,9.883287614814485,10.0
hit 4,9.000007244017878,10.0
hit 5,9.99508387336721,8.0
hit 6,9.993990179172222,9.0
hit 7,8.73016107587624,8.0
hit 8,9.979391569409525,10.0
hit 9,8.22473904605001,8.0
hit 10,9.567209269244335,9.0
