shot,predicted_class,probability,actual_result,actual_class
hit 2,1,0.9998314642506237,9.0,1
hit 3,1,0.98974270775811,10.0,1
hit 4,1,0.9999995619200591,10.0,1
hit 5,1,0.9959937540422972,8.0,0
hit 6,1,0.990303655202446,9.0,1
hit 7,1,0.9999999999999267,8.0,0
hit 8,1,1.0,10.0,1
hit 9,1,1.0,8.0,0
hit 10,1,0.9999999157562884,9.0,1
