window_idx_global,series_id,series_name,start_idx,state_id,recon_mae
0,0,clean_serie1,0,1,0.11816404
1,0,clean_serie1,30,1,0.08523196
2,0,clean_serie1,60,1,0.09201655
3,0,clean_serie1,90,1,0.12466671
4,0,clean_serie1,120,1,0.12981448
5,0,clean_serie1,150,1,0.12391656
6,0,clean_serie1,180,1,0.10177713
7,0,clean_serie1,210,1,0.060499966
8,0,clean_serie1,240,1,0.055964775
9,0,clean_serie1,270,0,0.05866963
10,0,clean_serie1,300,0,0.0636285
11,0,clean_serie1,330,1,0.074961856
12,0,clean_serie1,360,1,0.13303296
13,0,clean_serie1,390,1,0.21968043
14,0,clean_serie1,420,1,0.2452262
15,0,clean_serie1,450,1,0.23998283
16,0,clean_serie1,480,1,0.18280734
17,0,clean_serie1,510,0,0.082376674
18,0,clean_serie1,540,0,0.043182105
19,0,clean_serie1,570,0,0.03989046
20,0,clean_serie1,600,0,0.04081145
21,0,clean_serie1,630,0,0.040015403
22,0,clean_serie1,660,0,0.04206152
23,0,clean_serie1,690,0,0.04378239
24,0,clean_serie1,720,0,0.04332121
25,0,clean_serie1,750,0,0.044049423
26,0,clean_serie1,780,0,0.045557555
27,0,clean_serie1,810,0,0.04482938
28,0,clean_serie1,840,0,0.04447494
29,0,clean_serie1,870,0,0.044933308
30,0,clean_serie1,900,0,0.044530842
31,0,clean_serie1,930,0,0.0437399
32,0,clean_serie1,960,0,0.04428287
33,0,clean_serie1,990,0,0.04494166
34,0,clean_serie1,1020,0,0.04431064
35,0,clean_serie1,1050,0,0.0454448
36,0,clean_serie1,1080,0,0.046086323
37,0,clean_serie1,1110,0,0.046085976
38,0,clean_serie1,1140,0,0.046452377
39,0,clean_serie1,1170,0,0.046722557
40,0,clean_serie1,1200,0,0.045410268
41,0,clean_serie1,1230,0,0.04442345
42,0,clean_serie1,1260,0,0.0478475
43,0,clean_serie1,1290,0,0.054076232
44,0,clean_serie1,1320,0,0.06715837
45,0,clean_serie1,1350,0,0.09545917
46,0,clean_serie1,1380,1,0.12514873
47,0,clean_serie1,1410,1,0.14159943
48,0,clean_serie1,1440,1,0.15104823
49,0,clean_serie1,1470,1,0.14930217
50,0,clean_serie1,1500,1,0.12852105
51,0,clean_serie1,1530,1,0.118048094
52,0,clean_serie1,1560,1,0.11769561
53,0,clean_serie1,1590,1,0.10334629
54,0,clean_serie1,1620,1,0.10405244
55,0,clean_serie1,1650,1,0.12349393
56,0,clean_serie1,1680,1,0.123880945
57,0,clean_serie1,1710,1,0.11970042
58,0,clean_serie1,1740,1,0.11013832
59,0,clean_serie1,1770,1,0.08501463
60,0,clean_serie1,1800,1,0.058621526
61,0,clean_serie1,1830,0,0.050706223
62,0,clean_serie1,1860,0,0.046596967
63,0,clean_serie1,1890,0,0.05267973
64,0,clean_serie1,1920,0,0.07565718
65,0,clean_serie1,1950,1,0.103153534
66,0,clean_serie1,1980,1,0.14922374
67,0,clean_serie1,2010,1,0.16760865
68,0,clean_serie1,2040,1,0.16612172
69,0,clean_serie1,2070,1,0.14240251
70,0,clean_serie1,2100,1,0.09784134
71,0,clean_serie1,2130,1,0.085361116
72,0,clean_serie1,2160,1,0.0793841
73,0,clean_serie1,2190,1,0.087967515
74,0,clean_serie1,2220,1,0.093802385
75,0,clean_serie1,2250,1,0.08171191
76,0,clean_serie1,2280,1,0.06906009
77,0,clean_serie1,2310,0,0.055746637
78,0,clean_serie1,2340,0,0.051102266
79,0,clean_serie1,2370,0,0.055701166
80,0,clean_serie1,2400,0,0.05391711
81,0,clean_serie1,2430,0,0.05478604
82,0,clean_serie1,2460,0,0.06065454
83,0,clean_serie1,2490,0,0.071743034
84,0,clean_serie1,2520,1,0.08420906
85,0,clean_serie1,2550,1,0.099739835
86,0,clean_serie1,2580,1,0.11263095
87,0,clean_serie1,2610,1,0.11676106
88,0,clean_serie1,2640,1,0.12912852
89,0,clean_serie1,2670,1,0.12478211
90,0,clean_serie1,2700,1,0.10349991
91,0,clean_serie1,2730,1,0.08089266
92,0,clean_serie1,2760,0,0.056844316
93,0,clean_serie1,2790,0,0.03841949
94,0,clean_serie1,2820,0,0.03606556
95,0,clean_serie1,2850,0,0.037710514
96,0,clean_serie1,2880,0,0.03683639
97,0,clean_serie1,2910,0,0.037546348
98,0,clean_serie1,2940,0,0.03868961
99,0,clean_serie1,2970,0,0.03941105
100,0,clean_serie1,3000,0,0.04143456
101,0,clean_serie1,3030,0,0.041342877
102,0,clean_serie1,3060,0,0.039895292
103,0,clean_serie1,3090,0,0.039911278
104,0,clean_serie1,3120,0,0.039569702
105,0,clean_serie1,3150,0,0.04043775
106,0,clean_serie1,3180,0,0.039932825
107,0,clean_serie1,3210,0,0.039121214
108,0,clean_serie1,3240,0,0.040079013
109,0,clean_serie1,3270,0,0.03902977
110,0,clean_serie1,3300,0,0.039699804
111,0,clean_serie1,3330,0,0.040309854
112,0,clean_serie1,3360,0,0.04674087
113,0,clean_serie1,3390,0,0.06178226
114,0,clean_serie1,3420,0,0.07844796
115,0,clean_serie1,3450,1,0.10131189
116,0,clean_serie1,3480,1,0.11878606
117,0,clean_serie1,3510,1,0.11642098
118,0,clean_serie1,3540,1,0.103941396
119,0,clean_serie1,3570,1,0.09013973
120,0,clean_serie1,3600,1,0.083801724
121,0,clean_serie1,3630,1,0.077462435
122,0,clean_serie1,3660,1,0.07321286
123,0,clean_serie1,3690,0,0.06385064
124,0,clean_serie1,3720,0,0.048507854
125,0,clean_serie1,3750,0,0.052284744
126,0,clean_serie1,3780,0,0.061203144
127,0,clean_serie1,3810,1,0.07116969
128,0,clean_serie1,3840,1,0.071639724
129,0,clean_serie1,3870,1,0.0623545
130,0,clean_serie1,3900,0,0.052352477
131,0,clean_serie1,3930,0,0.045865066
132,0,clean_serie1,3960,0,0.049937908
133,0,clean_serie1,3990,0,0.055860277
134,0,clean_serie1,4020,0,0.06313853
135,0,clean_serie1,4050,0,0.06643088
136,0,clean_serie1,4080,1,0.0731122
137,0,clean_serie1,4110,1,0.0836122
138,0,clean_serie1,4140,1,0.11051588
139,0,clean_serie1,4170,1,0.12836765
140,0,clean_serie1,4200,1,0.117620364
141,0,clean_serie1,4230,1,0.1040484
142,0,clean_serie1,4260,0,0.069759354
143,0,clean_serie1,4290,0,0.05763911
144,0,clean_serie1,4320,0,0.06520849
145,0,clean_serie1,4350,1,0.06488785
146,0,clean_serie1,4380,1,0.06437225
147,0,clean_serie1,4410,0,0.058145776
148,0,clean_serie1,4440,0,0.044809286
149,0,clean_serie1,4470,0,0.041555144
150,0,clean_serie1,4500,0,0.040242817
151,0,clean_serie1,4530,0,0.04092511
152,0,clean_serie1,4560,0,0.044443272
153,0,clean_serie1,4590,0,0.05286409
154,0,clean_serie1,4620,0,0.066213354
155,0,clean_serie1,4650,1,0.084906474
156,0,clean_serie1,4680,1,0.086415574
157,0,clean_serie1,4710,1,0.08240436
158,0,clean_serie1,4740,0,0.06801861
159,0,clean_serie1,4770,0,0.048749175
160,0,clean_serie1,4800,0,0.042176064
161,0,clean_serie1,4830,0,0.04181172
162,0,clean_serie1,4860,0,0.040559247
163,0,clean_serie1,4890,0,0.04251731
164,0,clean_serie1,4920,0,0.04446429
165,0,clean_serie1,4950,0,0.045075975
166,0,clean_serie1,4980,0,0.046992708
167,0,clean_serie1,5010,0,0.045624766
168,0,clean_serie1,5040,0,0.04555487
169,0,clean_serie1,5070,0,0.044909153
170,0,clean_serie1,5100,0,0.04226952
171,0,clean_serie1,5130,0,0.04306057
172,0,clean_serie1,5160,0,0.04171214
173,0,clean_serie1,5190,0,0.04266568
174,0,clean_serie1,5220,0,0.04234731
175,0,clean_serie1,5250,0,0.04123123
176,0,clean_serie1,5280,0,0.04279675
177,0,clean_serie1,5310,0,0.043507177
178,0,clean_serie1,5340,0,0.043442544
179,0,clean_serie1,5370,0,0.043606095
180,0,clean_serie1,5400,0,0.042047676
181,0,clean_serie1,5430,0,0.03988474
182,0,clean_serie1,5460,0,0.03753649
183,0,clean_serie1,5490,0,0.03836017
184,0,clean_serie1,5520,0,0.03965871
185,0,clean_serie1,5550,0,0.046690147
186,0,clean_serie1,5580,0,0.06094935
187,0,clean_serie1,5610,1,0.07794834
188,0,clean_serie1,5640,1,0.09720575
189,0,clean_serie1,5670,1,0.11097147
190,0,clean_serie1,5700,1,0.10559194
191,0,clean_serie1,5730,1,0.09510592
192,0,clean_serie1,5760,1,0.08067317
193,0,clean_serie1,5790,1,0.06619391
194,0,clean_serie1,5820,1,0.060007215
195,0,clean_serie1,5850,1,0.057839904
196,0,clean_serie1,5880,0,0.05158789
197,0,clean_serie1,5910,0,0.05133824
198,0,clean_serie1,5940,0,0.061456196
199,0,clean_serie1,5970,0,0.08159448
200,0,clean_serie1,6000,1,0.10534934
201,0,clean_serie1,6030,1,0.11246465
202,0,clean_serie1,6060,1,0.10770098
203,0,clean_serie1,6090,1,0.08580987
204,0,clean_serie1,6120,1,0.058003984
205,0,clean_serie1,6150,0,0.0450554
206,0,clean_serie1,6180,0,0.03848895
207,0,clean_serie1,6210,0,0.038348053
208,0,clean_serie1,6240,0,0.043103166
209,0,clean_serie1,6270,0,0.068459615
210,0,clean_serie1,6300,0,0.10376655
211,0,clean_serie1,6330,1,0.13145342
212,0,clean_serie1,6360,1,0.13797359
213,0,clean_serie1,6390,1,0.11468605
214,0,clean_serie1,6420,0,0.07942016
215,0,clean_serie1,6450,0,0.04530735
216,0,clean_serie1,6480,0,0.038192112
217,0,clean_serie1,6510,0,0.038173042
218,0,clean_serie1,6540,0,0.038491752
219,0,clean_serie1,6570,0,0.03885361
220,0,clean_serie1,6600,0,0.04011124
221,0,clean_serie1,6630,0,0.040165
222,0,clean_serie1,6660,0,0.04235077
223,0,clean_serie1,6690,0,0.044995513
224,0,clean_serie1,6720,0,0.044689324
225,0,clean_serie1,6750,0,0.042330597
226,0,clean_serie1,6780,0,0.04045895
227,0,clean_serie1,6810,0,0.038504787
228,0,clean_serie1,6840,0,0.040294826
229,0,clean_serie1,6870,0,0.041727077
230,0,clean_serie1,6900,0,0.04555649
231,0,clean_serie1,6930,0,0.044731382
232,0,clean_serie1,6960,0,0.04464996
233,0,clean_serie1,6990,0,0.044841696
234,0,clean_serie1,7020,0,0.04149467
235,0,clean_serie1,7050,0,0.04043151
236,0,clean_serie1,7080,0,0.04188428
237,0,clean_serie1,7110,0,0.046508837
238,0,clean_serie1,7140,0,0.060097314
239,0,clean_serie1,7170,1,0.07961783
240,0,clean_serie1,7200,1,0.090539776
241,0,clean_serie1,7230,1,0.10518309
242,0,clean_serie1,7260,1,0.11722682
243,0,clean_serie1,7290,1,0.114602506
244,0,clean_serie1,7320,1,0.104035124
245,0,clean_serie1,7350,1,0.087903805
246,0,clean_serie1,7380,0,0.07122644
247,0,clean_serie1,7410,0,0.055066604
248,0,clean_serie1,7440,0,0.055053946
249,0,clean_serie1,7470,0,0.056454163
250,0,clean_serie1,7500,0,0.058500066
251,0,clean_serie1,7530,1,0.06782035
252,0,clean_serie1,7560,1,0.0663664
253,0,clean_serie1,7590,1,0.073494196
254,0,clean_serie1,7620,1,0.08752837
255,0,clean_serie1,7650,1,0.085957006
256,0,clean_serie1,7680,1,0.08686401
257,0,clean_serie1,7710,1,0.07764848
258,0,clean_serie1,7740,1,0.06260165
259,0,clean_serie1,7770,1,0.06710864
260,0,clean_serie1,7800,1,0.07548186
261,0,clean_serie1,7830,1,0.08922565
262,0,clean_serie1,7860,1,0.09494116
263,0,clean_serie1,7890,1,0.08823094
264,0,clean_serie1,7920,1,0.07894673
265,0,clean_serie1,7950,1,0.0674022
266,0,clean_serie1,7980,1,0.059645794
267,0,clean_serie1,8010,1,0.053381246
268,0,clean_serie1,8040,1,0.056181304
269,0,clean_serie1,8070,1,0.063927166
270,0,clean_serie1,8100,1,0.07703236
271,0,clean_serie1,8130,1,0.1045959
272,0,clean_serie1,8160,1,0.12230186
273,0,clean_serie1,8190,1,0.115802966
274,0,clean_serie1,8220,1,0.10047452
275,0,clean_serie1,8250,0,0.0703254
276,0,clean_serie1,8280,0,0.047353085
277,0,clean_serie1,8310,0,0.04313054
278,0,clean_serie1,8340,0,0.04683168
279,0,clean_serie1,8370,0,0.05389011
280,0,clean_serie1,8400,0,0.06657528
281,0,clean_serie1,8430,1,0.072858855
282,0,clean_serie1,8460,1,0.06470154
283,0,clean_serie1,8490,0,0.0584172
284,0,clean_serie1,8520,0,0.04492747
285,0,clean_serie1,8550,0,0.038834102
286,0,clean_serie1,8580,0,0.038395055
287,0,clean_serie1,8610,0,0.03716038
288,0,clean_serie1,8640,0,0.038570333
289,0,clean_serie1,8670,0,0.03928316
290,0,clean_serie1,8700,0,0.042512532
291,0,clean_serie1,8730,0,0.04630997
292,0,clean_serie1,8760,0,0.04713517
293,0,clean_serie1,8790,0,0.047147118
294,0,clean_serie1,8820,0,0.04530388
295,0,clean_serie1,8850,0,0.043185875
296,0,clean_serie1,8880,0,0.043423403
297,0,clean_serie1,8910,0,0.043083463
298,0,clean_serie1,8940,0,0.04300427
299,0,clean_serie1,8970,0,0.04371088
300,0,clean_serie1,9000,0,0.045124583
301,0,clean_serie1,9030,0,0.046505816
302,0,clean_serie1,9060,0,0.047254972
303,0,clean_serie1,9090,0,0.04427829
304,0,clean_serie1,9120,0,0.04241989
305,0,clean_serie1,9150,0,0.044706166
306,0,clean_serie1,9180,0,0.05252646
307,0,clean_serie1,9210,0,0.064404935
308,0,clean_serie1,9240,0,0.07882134
309,0,clean_serie1,9270,1,0.088253096
310,0,clean_serie1,9300,1,0.10275996
311,0,clean_serie1,9330,1,0.12143722
312,0,clean_serie1,9360,1,0.134133
313,0,clean_serie1,9390,1,0.13454247
314,0,clean_serie1,9420,1,0.13762328
315,0,clean_serie1,9450,1,0.14654452
316,0,clean_serie1,9480,1,0.15610084
317,0,clean_serie1,9510,1,0.16244668
318,0,clean_serie1,9540,1,0.1504128
319,0,clean_serie1,9570,1,0.11537575
320,0,clean_serie1,9600,1,0.08428495
321,0,clean_serie1,9630,0,0.06780267
322,0,clean_serie1,9660,1,0.0715655
323,0,clean_serie1,9690,1,0.10886968
324,0,clean_serie1,9720,1,0.17231092
325,0,clean_serie1,9750,1,0.24277717
326,0,clean_serie1,9780,1,0.26999223
327,0,clean_serie1,9810,1,0.2647162
328,0,clean_serie1,9840,1,0.22677515
329,0,clean_serie1,9870,1,0.16857167
330,0,clean_serie1,9900,1,0.13549556
331,0,clean_serie1,9930,1,0.1063201
332,0,clean_serie1,9960,0,0.072128765
333,0,clean_serie1,9990,0,0.05569685
334,0,clean_serie1,10020,0,0.047716238
335,0,clean_serie1,10050,0,0.04517853
336,0,clean_serie1,10080,0,0.057668027
337,0,clean_serie1,10110,0,0.07933127
338,0,clean_serie1,10140,1,0.1020318
339,0,clean_serie1,10170,1,0.11199266
340,0,clean_serie1,10200,1,0.10343015
341,0,clean_serie1,10230,1,0.09008357
342,0,clean_serie1,10260,1,0.06630564
343,0,clean_serie1,10290,0,0.054265138
344,0,clean_serie1,10320,0,0.050198887
345,0,clean_serie1,10350,0,0.046022523
346,0,clean_serie1,10380,0,0.048176467
347,0,clean_serie1,10410,0,0.059548277
348,0,clean_serie1,10440,0,0.07554832
349,0,clean_serie1,10470,1,0.08662764
350,0,clean_serie1,10500,1,0.09090201
351,0,clean_serie1,10530,1,0.08489797
352,0,clean_serie1,10560,1,0.07246547
353,0,clean_serie1,10590,1,0.08471941
354,0,clean_serie1,10620,1,0.110938825
355,0,clean_serie1,10650,1,0.12299905
356,0,clean_serie1,10680,1,0.116215594
357,0,clean_serie1,10710,0,0.0905754
358,0,clean_serie1,10740,0,0.05707273
359,0,clean_serie1,10770,0,0.04347499
360,0,clean_serie1,10800,0,0.043860186
361,0,clean_serie1,10830,0,0.04400194
362,0,clean_serie1,10860,0,0.043451946
363,0,clean_serie1,10890,0,0.042983305
364,0,clean_serie1,10920,0,0.044187296
365,0,clean_serie1,10950,0,0.045077786
366,0,clean_serie1,10980,0,0.044641547
367,0,clean_serie1,11010,0,0.045088995
368,0,clean_serie1,11040,0,0.045245837
369,0,clean_serie1,11070,0,0.043512426
370,0,clean_serie1,11100,0,0.04225152
371,0,clean_serie1,11130,0,0.042903874
372,0,clean_serie1,11160,0,0.042654548
373,0,clean_serie1,11190,0,0.042588193
374,0,clean_serie1,11220,0,0.043328762
375,0,clean_serie1,11250,0,0.040393464
376,0,clean_serie1,11280,0,0.040711526
377,0,clean_serie1,11310,0,0.041363727
378,0,clean_serie1,11340,0,0.042110007
379,0,clean_serie1,11370,0,0.045030136
380,0,clean_serie1,11400,0,0.044630695
381,0,clean_serie1,11430,0,0.043539904
382,0,clean_serie1,11460,0,0.04246414
383,0,clean_serie1,11490,0,0.043428954
384,0,clean_serie1,11520,0,0.04518325
385,0,clean_serie1,11550,0,0.048404444
386,0,clean_serie1,11580,0,0.06666315
387,0,clean_serie1,11610,0,0.09376824
388,0,clean_serie1,11640,1,0.11062127
389,0,clean_serie1,11670,1,0.11944101
390,0,clean_serie1,11700,1,0.10975217
391,0,clean_serie1,11730,1,0.08963316
392,0,clean_serie1,11760,1,0.07013813
393,0,clean_serie1,11790,0,0.060346216
394,0,clean_serie1,11820,0,0.054551646
395,0,clean_serie1,11850,0,0.057694957
396,0,clean_serie1,11880,0,0.08045529
397,0,clean_serie1,11910,1,0.09257492
398,0,clean_serie1,11940,1,0.10303537
399,0,clean_serie1,11970,1,0.10505334
400,0,clean_serie1,12000,1,0.08973041
401,0,clean_serie1,12030,1,0.08233443
402,0,clean_serie1,12060,0,0.070511624
403,0,clean_serie1,12090,0,0.057429586
404,0,clean_serie1,12120,0,0.047234215
405,0,clean_serie1,12150,0,0.043146968
406,0,clean_serie1,12180,0,0.048017874
407,0,clean_serie1,12210,0,0.0632669
408,0,clean_serie1,12240,0,0.07734687
409,0,clean_serie1,12270,1,0.082318164
410,0,clean_serie1,12300,1,0.07706401
411,0,clean_serie1,12330,0,0.06367494
412,0,clean_serie1,12360,0,0.052235365
413,0,clean_serie1,12390,0,0.05016749
414,0,clean_serie1,12420,0,0.047544364
415,0,clean_serie1,12450,0,0.045905817
416,0,clean_serie1,12480,0,0.046296336
417,0,clean_serie1,12510,0,0.047324132
418,0,clean_serie1,12540,0,0.046797544
419,0,clean_serie1,12570,0,0.04538115
420,0,clean_serie1,12600,0,0.04260076
421,0,clean_serie1,12630,0,0.040651817
422,0,clean_serie1,12660,0,0.040879596
423,0,clean_serie1,12690,0,0.041466948
424,0,clean_serie1,12720,0,0.04122241
425,0,clean_serie1,12750,0,0.041578326
426,0,clean_serie1,12780,0,0.041060153
427,0,clean_serie1,12810,0,0.04252644
428,0,clean_serie1,12840,0,0.044879783
429,0,clean_serie1,12870,0,0.046985075
430,0,clean_serie1,12900,0,0.0508064
431,0,clean_serie1,12930,0,0.0661976
432,0,clean_serie1,12960,0,0.08577254
433,0,clean_serie1,12990,1,0.114799805
434,0,clean_serie1,13020,1,0.15459213
435,0,clean_serie1,13050,1,0.1794192
436,0,clean_serie1,13080,1,0.17225704
437,0,clean_serie1,13110,1,0.15990028
438,0,clean_serie1,13140,1,0.13709633
439,0,clean_serie1,13170,1,0.12191916
440,0,clean_serie1,13200,1,0.13741434
441,0,clean_serie1,13230,1,0.13930944
442,0,clean_serie1,13260,1,0.13153544
443,0,clean_serie1,13290,1,0.13099693
444,0,clean_serie1,13320,1,0.122065075
445,0,clean_serie1,13350,1,0.10339646
446,0,clean_serie1,13380,1,0.091349736
447,0,clean_serie1,13410,1,0.06850538
448,0,clean_serie1,13440,0,0.060880803
449,0,clean_serie1,13470,1,0.09209547
450,0,clean_serie1,13500,1,0.16386935
451,0,clean_serie1,13530,1,0.21885397
452,0,clean_serie1,13560,1,0.25543994
453,0,clean_serie1,13590,1,0.24428533
454,0,clean_serie1,13620,1,0.20293711
455,0,clean_serie1,13650,1,0.1879402
456,0,clean_serie1,13680,1,0.15890472
457,0,clean_serie1,13710,1,0.14591649
458,0,clean_serie1,13740,1,0.1307698
459,0,clean_serie1,13770,1,0.09330564
460,0,clean_serie1,13800,1,0.06432024
461,0,clean_serie1,13830,0,0.053058077
462,0,clean_serie1,13860,0,0.049213078
463,0,clean_serie1,13890,0,0.04521922
464,0,clean_serie1,13920,0,0.05998991
465,0,clean_serie1,13950,0,0.0784991
466,0,clean_serie1,13980,1,0.09683698
467,0,clean_serie1,14010,1,0.109510705
468,0,clean_serie1,14040,1,0.10844996
469,0,clean_serie1,14070,1,0.09918154
470,0,clean_serie1,14100,1,0.08520786
471,0,clean_serie1,14130,1,0.07296743
472,0,clean_serie1,14160,1,0.064299546
473,0,clean_serie1,14190,0,0.059832305
474,0,clean_serie1,14220,0,0.051996943
475,0,clean_serie1,14250,0,0.048205882
476,0,clean_serie1,14280,0,0.042804766
477,0,clean_serie1,14310,0,0.039287817
478,0,clean_serie1,14340,0,0.039269798
479,0,clean_serie1,14370,0,0.040485237
480,0,clean_serie1,14400,0,0.041966446
481,0,clean_serie1,14430,0,0.042819794
482,0,clean_serie1,14460,0,0.043659553
483,0,clean_serie1,14490,0,0.04120885
484,0,clean_serie1,14520,0,0.040585216
485,0,clean_serie1,14550,0,0.040275715
486,0,clean_serie1,14580,0,0.038963865
487,0,clean_serie1,14610,0,0.040812023
488,0,clean_serie1,14640,0,0.041776072
489,0,clean_serie1,14670,0,0.041986324
490,0,clean_serie1,14700,0,0.043302823
491,0,clean_serie1,14730,0,0.043662246
492,0,clean_serie1,14760,0,0.044459548
493,0,clean_serie1,14790,0,0.046395924
494,0,clean_serie1,14820,0,0.046811596
495,0,clean_serie1,14850,0,0.04793812
496,0,clean_serie1,14880,0,0.04650442
497,0,clean_serie1,14910,0,0.043637764
498,0,clean_serie1,14940,0,0.042970385
499,0,clean_serie1,14970,0,0.04217605
500,0,clean_serie1,15000,0,0.061232332
501,0,clean_serie1,15030,0,0.09543939
502,0,clean_serie1,15060,1,0.15150665
503,0,clean_serie1,15090,1,0.18090332
504,0,clean_serie1,15120,1,0.17405553
505,0,clean_serie1,15150,1,0.1414294
506,0,clean_serie1,15180,1,0.09862533
507,0,clean_serie1,15210,1,0.08384502
508,0,clean_serie1,15240,1,0.08582437
509,0,clean_serie1,15270,1,0.08443988
510,0,clean_serie1,15300,0,0.0723763
511,0,clean_serie1,15330,0,0.0600007
512,0,clean_serie1,15360,0,0.064267896
513,0,clean_serie1,15390,0,0.08912947
514,0,clean_serie1,15420,1,0.1003954
515,0,clean_serie1,15450,1,0.10264249
516,0,clean_serie1,15480,1,0.11138476
517,0,clean_serie1,15510,1,0.11865681
518,0,clean_serie1,15540,1,0.13354933
519,0,clean_serie1,15570,1,0.13622184
520,0,clean_serie1,15600,1,0.11486196
521,0,clean_serie1,15630,1,0.08289883
522,0,clean_serie1,15660,1,0.060343716
523,0,clean_serie1,15690,1,0.055700835
524,0,clean_serie1,15720,1,0.060323868
525,0,clean_serie1,15750,1,0.06551493
526,0,clean_serie1,15780,1,0.06719882
527,0,clean_serie1,15810,1,0.07199332
528,0,clean_serie1,15840,1,0.07493466
529,0,clean_serie1,15870,1,0.08673375
530,0,clean_serie1,15900,1,0.102181464
531,0,clean_serie1,15930,1,0.098039314
532,0,clean_serie1,15960,1,0.08573373
533,0,clean_serie1,15990,0,0.064724654
534,0,clean_serie1,16020,0,0.04393239
535,0,clean_serie1,16050,0,0.038179886
536,0,clean_serie1,16080,0,0.039763052
537,0,clean_serie1,16110,0,0.040149994
538,0,clean_serie1,16140,0,0.04136656
539,0,clean_serie1,16170,0,0.040721253
540,0,clean_serie1,16200,0,0.03963628
541,0,clean_serie1,16230,0,0.0399337
542,0,clean_serie1,16260,0,0.040168427
543,0,clean_serie1,16290,0,0.04120968
544,0,clean_serie1,16320,0,0.044178784
545,0,clean_serie1,16350,0,0.045233034
546,0,clean_serie1,16380,0,0.04688819
547,0,clean_serie1,16410,0,0.044834606
548,0,clean_serie1,16440,0,0.043857764
549,0,clean_serie1,16470,0,0.04453678
550,0,clean_serie1,16500,0,0.044657797
551,0,clean_serie1,16530,0,0.04360187
552,0,clean_serie1,16560,0,0.048277043
553,0,clean_serie1,16590,0,0.06487764
554,0,clean_serie1,16620,0,0.08989863
555,0,clean_serie1,16650,1,0.12883963
556,0,clean_serie1,16680,1,0.19331235
557,0,clean_serie1,16710,1,0.21726517
558,0,clean_serie1,16740,1,0.21490435
559,0,clean_serie1,16770,1,0.19798185
560,0,clean_serie1,16800,1,0.1664664
561,0,clean_serie1,16830,1,0.15918343
562,0,clean_serie1,16860,1,0.14235494
563,0,clean_serie1,16890,1,0.12561873
564,0,clean_serie1,16920,1,0.09494844
565,0,clean_serie1,16950,1,0.08174506
566,0,clean_serie1,16980,1,0.10335914
567,0,clean_serie1,17010,1,0.11989214
568,0,clean_serie1,17040,1,0.1395554
569,0,clean_serie1,17070,1,0.14098237
570,0,clean_serie1,17100,1,0.13074921
571,0,clean_serie1,17130,1,0.12526959
572,0,clean_serie1,17160,1,0.12472419
573,0,clean_serie1,17190,1,0.17116806
574,0,clean_serie1,17220,1,0.26627776
575,0,clean_serie1,17250,1,0.3363308
576,0,clean_serie1,17280,1,0.33490503
577,0,clean_serie1,17310,1,0.27984783
578,0,clean_serie1,17340,1,0.16866976
579,0,clean_serie1,17370,1,0.07365531
580,0,clean_serie1,17400,0,0.050059553
581,0,clean_serie1,17430,0,0.04393628
582,0,clean_serie1,17460,0,0.04567133
583,0,clean_serie1,17490,0,0.045018215
584,0,clean_serie1,17520,0,0.046203993
585,0,clean_serie1,17550,0,0.05082267
586,0,clean_serie1,17580,0,0.05254918
587,0,clean_serie1,17610,0,0.05720655
588,0,clean_serie1,17640,0,0.0670614
589,0,clean_serie1,17670,1,0.076378845
590,0,clean_serie1,17700,1,0.09718352
591,0,clean_serie1,17730,1,0.10646278
592,0,clean_serie1,17760,1,0.10099811
593,0,clean_serie1,17790,1,0.08757905
594,0,clean_serie1,17820,1,0.06589923
595,0,clean_serie1,17850,0,0.054145172
596,0,clean_serie1,17880,0,0.048159916
597,0,clean_serie1,17910,0,0.043833725
598,0,clean_serie1,17940,0,0.041124433
599,0,clean_serie1,17970,0,0.038563415
600,0,clean_serie1,18000,0,0.039233588
601,0,clean_serie1,18030,0,0.043915514
602,0,clean_serie1,18060,0,0.044554386
603,0,clean_serie1,18090,0,0.04639246
604,0,clean_serie1,18120,0,0.04719447
605,0,clean_serie1,18150,0,0.04368185
606,0,clean_serie1,18180,0,0.042157095
607,0,clean_serie1,18210,0,0.03977291
608,0,clean_serie1,18240,0,0.039892577
609,0,clean_serie1,18270,0,0.0407176
610,0,clean_serie1,18300,0,0.041658986
611,0,clean_serie1,18330,0,0.041753147
612,0,clean_serie1,18360,0,0.04019435
613,0,clean_serie1,18390,0,0.038880743
614,0,clean_serie1,18420,0,0.038724817
615,0,clean_serie1,18450,0,0.04629701
616,0,clean_serie1,18480,0,0.052453786
617,0,clean_serie1,18510,0,0.060286038
618,0,clean_serie1,18540,0,0.06959068
619,0,clean_serie1,18570,0,0.06971771
620,0,clean_serie1,18600,0,0.0655828
621,0,clean_serie1,18630,0,0.05920975
622,0,clean_serie1,18660,0,0.072021335
623,0,clean_serie1,18690,0,0.098784156
624,0,clean_serie1,18720,1,0.1345191
625,0,clean_serie1,18750,1,0.1504793
626,0,clean_serie1,18780,1,0.13872643
627,0,clean_serie1,18810,1,0.11646307
628,0,clean_serie1,18840,1,0.09910861
629,0,clean_serie1,18870,1,0.09471982
630,0,clean_serie1,18900,1,0.093943685
631,0,clean_serie1,18930,1,0.08665693
632,0,clean_serie1,18960,1,0.0657938
633,0,clean_serie1,18990,0,0.049317062
634,0,clean_serie1,19020,0,0.05036228
635,0,clean_serie1,19050,0,0.06475314
636,0,clean_serie1,19080,0,0.10782631
637,0,clean_serie1,19110,1,0.18853879
638,0,clean_serie1,19140,1,0.24214266
639,0,clean_serie1,19170,1,0.2665694
640,0,clean_serie1,19200,1,0.260724
641,0,clean_serie1,19230,1,0.18851838
642,0,clean_serie1,19260,1,0.12101479
643,0,clean_serie1,19290,1,0.08222042
644,0,clean_serie1,19320,1,0.06073682
645,0,clean_serie1,19350,1,0.063813664
646,0,clean_serie1,19380,1,0.060743827
647,0,clean_serie1,19410,0,0.06010198
648,0,clean_serie1,19440,0,0.060806416
649,0,clean_serie1,19470,1,0.066222236
650,0,clean_serie1,19500,1,0.0754239
651,0,clean_serie1,19530,1,0.07704937
652,0,clean_serie1,19560,1,0.066458955
653,0,clean_serie1,19590,0,0.055817656
654,0,clean_serie1,19620,0,0.047790032
655,0,clean_serie1,19650,0,0.051842697
656,0,clean_serie1,19680,0,0.060996868
657,0,clean_serie1,19710,0,0.060427207
658,0,clean_serie1,19740,0,0.05730836
659,0,clean_serie1,19770,0,0.051011093
660,0,clean_serie1,19800,0,0.045034416
661,0,clean_serie1,19830,0,0.04507959
662,0,clean_serie1,19860,0,0.045720622
663,0,clean_serie1,19890,0,0.04494007
664,0,clean_serie1,19920,0,0.04334198
665,0,clean_serie1,19950,0,0.04201619
666,0,clean_serie1,19980,0,0.043495435
667,0,clean_serie1,20010,0,0.043479398
668,0,clean_serie1,20040,0,0.043742932
669,0,clean_serie1,20070,0,0.043224543
670,0,clean_serie1,20100,0,0.04380692
671,0,clean_serie1,20130,0,0.053106133
672,0,clean_serie1,20160,0,0.060967345
673,0,clean_serie1,20190,0,0.08508456
674,0,clean_serie1,20220,1,0.13612612
675,0,clean_serie1,20250,1,0.18575302
676,0,clean_serie1,20280,1,0.21241194
677,0,clean_serie1,20310,1,0.20727736
678,0,clean_serie1,20340,1,0.16489203
679,0,clean_serie1,20370,1,0.12717304
680,0,clean_serie1,20400,1,0.11353426
681,0,clean_serie1,20430,1,0.116826616
682,0,clean_serie1,20460,1,0.12924312
683,0,clean_serie1,20490,1,0.1248565
684,0,clean_serie1,20520,1,0.12080069
685,0,clean_serie1,20550,1,0.12547518
686,0,clean_serie1,20580,1,0.13021827
687,0,clean_serie1,20610,1,0.13799842
688,0,clean_serie1,20640,1,0.14771731
689,0,clean_serie1,20670,1,0.15103686
690,0,clean_serie1,20700,1,0.16121039
691,0,clean_serie1,20730,1,0.18423347
692,0,clean_serie1,20760,1,0.17702377
693,0,clean_serie1,20790,1,0.1571855
694,0,clean_serie1,20820,1,0.12562278
695,0,clean_serie1,20850,1,0.0800127
696,0,clean_serie1,20880,1,0.061196707
697,0,clean_serie1,20910,1,0.05310189
698,0,clean_serie1,20940,1,0.05715488
699,0,clean_serie1,20970,1,0.07010971
700,0,clean_serie1,21000,1,0.096447624
701,0,clean_serie1,21030,1,0.12954888
702,0,clean_serie1,21060,1,0.15250026
703,0,clean_serie1,21090,1,0.17241508
704,0,clean_serie1,21120,1,0.15192847
705,0,clean_serie1,21150,1,0.12977517
706,0,clean_serie1,21180,1,0.117848985
707,0,clean_serie1,21210,1,0.10730283
708,0,clean_serie1,21240,1,0.11421875
709,0,clean_serie1,21270,1,0.10864586
710,0,clean_serie1,21300,1,0.09374664
711,0,clean_serie1,21330,1,0.07977379
712,0,clean_serie1,21360,1,0.08124557
713,0,clean_serie1,21390,1,0.13320524
714,0,clean_serie1,21420,1,0.19953151
715,0,clean_serie1,21450,1,0.2338622
716,0,clean_serie1,21480,1,0.23309217
717,0,clean_serie1,21510,1,0.18631192
718,0,clean_serie1,21540,1,0.12236073
719,0,clean_serie1,21570,0,0.068363406
720,0,clean_serie1,21600,0,0.050620638
721,0,clean_serie1,21630,0,0.05417104
722,0,clean_serie1,21660,0,0.053618502
723,0,clean_serie1,21690,0,0.053235225
724,0,clean_serie1,21720,0,0.05141404
725,0,clean_serie1,21750,0,0.047144204
726,0,clean_serie1,21780,0,0.044681616
727,0,clean_serie1,21810,0,0.04445299
728,0,clean_serie1,21840,0,0.044029847
729,0,clean_serie1,21870,0,0.04376033
730,0,clean_serie1,21900,0,0.046166733
731,0,clean_serie1,21930,0,0.046919562
732,0,clean_serie1,21960,0,0.046854362
733,0,clean_serie1,21990,0,0.04565229
734,0,clean_serie1,22020,0,0.042233918
735,0,clean_serie1,22050,0,0.04318154
736,0,clean_serie1,22080,0,0.05965933
737,0,clean_serie1,22110,0,0.08608997
738,0,clean_serie1,22140,1,0.100469604
739,0,clean_serie1,22170,1,0.11975409
740,0,clean_serie1,22200,1,0.1519056
741,0,clean_serie1,22230,1,0.16854082
742,0,clean_serie1,22260,1,0.19973852
743,0,clean_serie1,22290,1,0.23589717
744,0,clean_serie1,22320,1,0.22632962
745,0,clean_serie1,22350,1,0.2094375
746,0,clean_serie1,22380,1,0.19901833
747,0,clean_serie1,22410,1,0.16637099
748,0,clean_serie1,22440,1,0.14491941
749,0,clean_serie1,22470,1,0.13023166
750,0,clean_serie1,22500,1,0.102638334
751,0,clean_serie1,22530,1,0.08986223
752,0,clean_serie1,22560,1,0.0875588
753,0,clean_serie1,22590,1,0.096393034
754,0,clean_serie1,22620,1,0.099566385
755,0,clean_serie1,22650,1,0.092961214
756,0,clean_serie1,22680,1,0.09843702
757,0,clean_serie1,22710,1,0.09340488
758,0,clean_serie1,22740,1,0.09349055
759,0,clean_serie1,22770,1,0.09386102
760,0,clean_serie1,22800,1,0.08622209
761,0,clean_serie1,22830,1,0.11196533
762,0,clean_serie1,22860,1,0.19132385
763,0,clean_serie1,22890,1,0.2737441
764,0,clean_serie1,22920,1,0.29720622
765,0,clean_serie1,22950,1,0.27371144
766,0,clean_serie1,22980,1,0.19290125
767,0,clean_serie1,23010,1,0.10615165
768,0,clean_serie1,23040,0,0.069215655
769,0,clean_serie1,23070,0,0.051426493
770,0,clean_serie1,23100,0,0.043160375
771,0,clean_serie1,23130,0,0.047055513
772,0,clean_serie1,23160,0,0.049534824
773,0,clean_serie1,23190,0,0.05361201
774,0,clean_serie1,23220,0,0.05890902
775,0,clean_serie1,23250,0,0.06297665
776,0,clean_serie1,23280,0,0.06643511
777,0,clean_serie1,23310,0,0.07262061
778,0,clean_serie1,23340,0,0.07246573
779,0,clean_serie1,23370,0,0.07888722
780,0,clean_serie1,23400,1,0.09223681
781,0,clean_serie1,23430,1,0.0996038
782,0,clean_serie1,23460,1,0.10035945
783,0,clean_serie1,23490,1,0.08767096
784,0,clean_serie1,23520,0,0.07025634
785,0,clean_serie1,23550,0,0.057183437
786,0,clean_serie1,23580,0,0.053684894
787,0,clean_serie1,23610,0,0.051406078
788,0,clean_serie1,23640,0,0.048993614
789,0,clean_serie1,23670,0,0.04696472
790,0,clean_serie1,23700,0,0.045946166
791,0,clean_serie1,23730,0,0.048344497
792,0,clean_serie1,23760,0,0.04970731
793,0,clean_serie1,23790,0,0.049136866
794,0,clean_serie1,23820,0,0.048617464
795,0,clean_serie1,23850,0,0.04925691
796,0,clean_serie1,23880,0,0.05033455
797,0,clean_serie1,23910,0,0.050988443
798,0,clean_serie1,23940,0,0.052096594
799,0,clean_serie1,23970,0,0.048875142
800,0,clean_serie1,24000,0,0.044189103
801,0,clean_serie1,24030,0,0.045157325
802,0,clean_serie1,24060,0,0.049799073
803,0,clean_serie1,24090,0,0.061200466
804,0,clean_serie1,24120,1,0.08174286
805,0,clean_serie1,24150,1,0.10683655
806,0,clean_serie1,24180,1,0.12719047
807,0,clean_serie1,24210,1,0.14125404
808,0,clean_serie1,24240,1,0.14762545
809,0,clean_serie1,24270,1,0.15229666
810,0,clean_serie1,24300,1,0.1440887
811,0,clean_serie1,24330,1,0.14229265
812,0,clean_serie1,24360,1,0.15072954
813,0,clean_serie1,24390,1,0.15877901
814,0,clean_serie1,24420,1,0.1635981
815,0,clean_serie1,24450,1,0.15301447
816,0,clean_serie1,24480,1,0.14495118
817,0,clean_serie1,24510,1,0.12692137
818,0,clean_serie1,24540,1,0.11710419
819,0,clean_serie1,24570,1,0.12212908
820,0,clean_serie1,24600,1,0.12567644
821,0,clean_serie1,24630,1,0.12829065
822,0,clean_serie1,24660,1,0.1309132
823,0,clean_serie1,24690,1,0.13798405
824,0,clean_serie1,24720,1,0.122574516
825,0,clean_serie1,24750,1,0.1074669
826,0,clean_serie1,24780,1,0.0965418
827,0,clean_serie1,24810,1,0.08498576
828,0,clean_serie1,24840,1,0.07198221
829,0,clean_serie1,24870,1,0.08266653
830,0,clean_serie1,24900,1,0.14727049
831,0,clean_serie1,24930,1,0.23296903
832,0,clean_serie1,24960,1,0.26671666
833,0,clean_serie1,24990,1,0.24929748
834,0,clean_serie1,25020,1,0.18718486
835,0,clean_serie1,25050,0,0.088062756
836,0,clean_serie1,25080,0,0.04799032
837,0,clean_serie1,25110,0,0.044426873
838,0,clean_serie1,25140,0,0.043400522
839,0,clean_serie1,25170,0,0.053209923
840,0,clean_serie1,25200,0,0.08908733
841,0,clean_serie1,25230,0,0.13737331
842,0,clean_serie1,25260,1,0.16147664
843,0,clean_serie1,25290,1,0.15708931
844,0,clean_serie1,25320,1,0.13037765
845,0,clean_serie1,25350,1,0.08921389
846,0,clean_serie1,25380,1,0.07359493
847,0,clean_serie1,25410,1,0.07255518
848,0,clean_serie1,25440,0,0.068507746
849,0,clean_serie1,25470,0,0.064277604
850,0,clean_serie1,25500,0,0.05712161
851,0,clean_serie1,25530,0,0.05392868
852,0,clean_serie1,25560,0,0.051632352
853,0,clean_serie1,25590,0,0.049084045
854,0,clean_serie1,25620,0,0.04982071
855,0,clean_serie1,25650,0,0.05343015
856,0,clean_serie1,25680,0,0.056173056
857,0,clean_serie1,25710,0,0.055492643
858,0,clean_serie1,25740,0,0.052158915
859,0,clean_serie1,25770,0,0.050444983
860,0,clean_serie1,25800,0,0.047668435
861,0,clean_serie1,25830,0,0.045173284
862,0,clean_serie1,25860,0,0.042636894
863,0,clean_serie1,25890,0,0.042031188
864,0,clean_serie1,25920,0,0.040670067
865,0,clean_serie1,25950,0,0.040446103
866,0,clean_serie1,25980,0,0.042285893
867,0,clean_serie1,26010,0,0.03911499
868,0,clean_serie1,26040,0,0.040782135
869,0,clean_serie1,26070,0,0.048252873
870,0,clean_serie1,26100,0,0.064256005
871,0,clean_serie1,26130,1,0.09755413
872,0,clean_serie1,26160,1,0.13919677
873,0,clean_serie1,26190,1,0.15595318
874,0,clean_serie1,26220,1,0.16172844
875,0,clean_serie1,26250,1,0.14999886
876,0,clean_serie1,26280,1,0.12931249
877,0,clean_serie1,26310,1,0.12032957
878,0,clean_serie1,26340,1,0.11316631
879,0,clean_serie1,26370,1,0.100130275
880,0,clean_serie1,26400,1,0.09807448
881,1,clean_serie11,0,1,0.08677597
882,1,clean_serie11,30,1,0.121405944
883,1,clean_serie11,60,1,0.15124418
884,1,clean_serie11,90,1,0.17090416
885,1,clean_serie11,120,1,0.16482684
886,1,clean_serie11,150,1,0.13948081
887,1,clean_serie11,180,1,0.11658791
888,1,clean_serie11,210,1,0.09853898
889,1,clean_serie11,240,1,0.08556018
890,1,clean_serie11,270,1,0.08014731
891,1,clean_serie11,300,0,0.07648561
892,1,clean_serie11,330,0,0.0743779
893,1,clean_serie11,360,0,0.066072084
894,1,clean_serie11,390,0,0.06292719
895,1,clean_serie11,420,0,0.064708255
896,1,clean_serie11,450,0,0.070197396
897,1,clean_serie11,480,0,0.08291667
898,1,clean_serie11,510,1,0.11096638
899,1,clean_serie11,540,1,0.14686607
900,1,clean_serie11,570,1,0.17055415
901,1,clean_serie11,600,1,0.17699465
902,1,clean_serie11,630,1,0.16339846
903,1,clean_serie11,660,1,0.1446794
904,1,clean_serie11,690,1,0.15866834
905,1,clean_serie11,720,1,0.17512843
906,1,clean_serie11,750,1,0.17492938
907,1,clean_serie11,780,1,0.17152634
908,1,clean_serie11,810,1,0.17489275
909,1,clean_serie11,840,1,0.18812591
910,1,clean_serie11,870,1,0.2054014
911,1,clean_serie11,900,1,0.19949539
912,1,clean_serie11,930,1,0.15786898
913,1,clean_serie11,960,1,0.1130056
914,1,clean_serie11,990,0,0.067826785
915,1,clean_serie11,1020,0,0.052955557
916,1,clean_serie11,1050,0,0.05324534
917,1,clean_serie11,1080,0,0.056278545
918,1,clean_serie11,1110,0,0.059416365
919,1,clean_serie11,1140,0,0.058667623
920,1,clean_serie11,1170,0,0.05531161
921,1,clean_serie11,1200,0,0.05173854
922,1,clean_serie11,1230,0,0.050372407
923,1,clean_serie11,1260,0,0.05356692
924,1,clean_serie11,1290,0,0.05581039
925,1,clean_serie11,1320,0,0.058911603
926,1,clean_serie11,1350,0,0.06379456
927,1,clean_serie11,1380,1,0.06328757
928,1,clean_serie11,1410,1,0.067434564
929,1,clean_serie11,1440,1,0.085523896
930,1,clean_serie11,1470,1,0.13131927
931,1,clean_serie11,1500,1,0.24281624
932,1,clean_serie11,1530,1,0.33263943
933,1,clean_serie11,1560,1,0.36222342
934,1,clean_serie11,1590,1,0.36062694
935,1,clean_serie11,1620,1,0.2828832
936,1,clean_serie11,1650,1,0.22135577
937,1,clean_serie11,1680,1,0.1936461
938,1,clean_serie11,1710,1,0.16277607
939,1,clean_serie11,1740,1,0.12934628
940,1,clean_serie11,1770,1,0.09801244
941,1,clean_serie11,1800,1,0.08375986
942,1,clean_serie11,1830,1,0.10254972
943,1,clean_serie11,1860,1,0.15339993
944,1,clean_serie11,1890,1,0.21346949
945,1,clean_serie11,1920,1,0.24681458
946,1,clean_serie11,1950,1,0.26535702
947,1,clean_serie11,1980,1,0.27190918
948,1,clean_serie11,2010,1,0.23847656
949,1,clean_serie11,2040,1,0.21213654
950,1,clean_serie11,2070,1,0.17963623
951,1,clean_serie11,2100,1,0.14566322
952,1,clean_serie11,2130,1,0.1340909
953,1,clean_serie11,2160,1,0.13187923
954,1,clean_serie11,2190,1,0.14262192
955,1,clean_serie11,2220,1,0.15325475
956,1,clean_serie11,2250,1,0.15828331
957,1,clean_serie11,2280,1,0.16503549
958,1,clean_serie11,2310,1,0.15502535
959,1,clean_serie11,2340,1,0.13593599
960,1,clean_serie11,2370,1,0.11719428
961,1,clean_serie11,2400,1,0.106312595
962,1,clean_serie11,2430,1,0.11584105
963,1,clean_serie11,2460,1,0.1424907
964,1,clean_serie11,2490,1,0.17386954
965,1,clean_serie11,2520,1,0.18073511
966,1,clean_serie11,2550,1,0.1671802
967,1,clean_serie11,2580,1,0.13008009
968,1,clean_serie11,2610,1,0.08863807
969,1,clean_serie11,2640,1,0.07242023
970,1,clean_serie11,2670,1,0.06427663
971,1,clean_serie11,2700,0,0.05960748
972,1,clean_serie11,2730,0,0.05998811
973,1,clean_serie11,2760,1,0.060110208
974,1,clean_serie11,2790,1,0.060092144
975,1,clean_serie11,2820,0,0.06060541
976,1,clean_serie11,2850,0,0.05920325
977,1,clean_serie11,2880,0,0.057923775
978,1,clean_serie11,2910,0,0.05745306
979,1,clean_serie11,2940,0,0.058425743
980,1,clean_serie11,2970,0,0.057233468
981,1,clean_serie11,3000,0,0.05829981
982,1,clean_serie11,3030,0,0.06294015
983,1,clean_serie11,3060,0,0.067632854
984,1,clean_serie11,3090,0,0.06866174
985,1,clean_serie11,3120,0,0.072595
986,1,clean_serie11,3150,0,0.0753516
987,1,clean_serie11,3180,1,0.08764607
988,1,clean_serie11,3210,1,0.1300847
989,1,clean_serie11,3240,1,0.18926066
990,1,clean_serie11,3270,1,0.25456548
991,1,clean_serie11,3300,1,0.3342364
992,1,clean_serie11,3330,1,0.36364213
993,1,clean_serie11,3360,1,0.36942196
994,1,clean_serie11,3390,1,0.35426652
995,1,clean_serie11,3420,1,0.2931459
996,1,clean_serie11,3450,1,0.24021055
997,1,clean_serie11,3480,1,0.1881054
998,1,clean_serie11,3510,1,0.13928492
999,1,clean_serie11,3540,1,0.13125356
1000,1,clean_serie11,3570,1,0.12163193
1001,1,clean_serie11,3600,1,0.11165909
1002,1,clean_serie11,3630,1,0.106907666
1003,1,clean_serie11,3660,1,0.09325602
1004,1,clean_serie11,3690,1,0.093179725
1005,1,clean_serie11,3720,1,0.09448838
1006,1,clean_serie11,3750,1,0.08837735
1007,1,clean_serie11,3780,1,0.08311878
1008,1,clean_serie11,3810,0,0.073860675
1009,1,clean_serie11,3840,1,0.073437355
1010,1,clean_serie11,3870,1,0.08893202
1011,1,clean_serie11,3900,1,0.10756966
1012,1,clean_serie11,3930,1,0.14174174
1013,1,clean_serie11,3960,1,0.17222582
1014,1,clean_serie11,3990,1,0.17729056
1015,1,clean_serie11,4020,1,0.16028981
1016,1,clean_serie11,4050,1,0.13375184
1017,1,clean_serie11,4080,1,0.11374297
1018,1,clean_serie11,4110,1,0.10946308
1019,1,clean_serie11,4140,1,0.124005206
1020,1,clean_serie11,4170,1,0.14665452
1021,1,clean_serie11,4200,1,0.15764697
1022,1,clean_serie11,4230,1,0.15369548
1023,1,clean_serie11,4260,1,0.13529414
1024,1,clean_serie11,4290,1,0.105499834
1025,1,clean_serie11,4320,1,0.08415432
1026,1,clean_serie11,4350,1,0.0992148
1027,1,clean_serie11,4380,1,0.13177375
1028,1,clean_serie11,4410,1,0.1552778
1029,1,clean_serie11,4440,1,0.16051179
1030,1,clean_serie11,4470,1,0.13417237
1031,1,clean_serie11,4500,1,0.101088375
1032,1,clean_serie11,4530,1,0.073791884
1033,1,clean_serie11,4560,1,0.060232412
1034,1,clean_serie11,4590,1,0.06089061
1035,1,clean_serie11,4620,0,0.064092256
1036,1,clean_serie11,4650,1,0.06508438
1037,1,clean_serie11,4680,1,0.064674735
1038,1,clean_serie11,4710,1,0.06469887
1039,1,clean_serie11,4740,0,0.06383801
1040,1,clean_serie11,4770,0,0.06301144
1041,1,clean_serie11,4800,0,0.06258954
1042,1,clean_serie11,4830,0,0.059510607
1043,1,clean_serie11,4860,0,0.059549537
1044,1,clean_serie11,4890,0,0.05996343
1045,1,clean_serie11,4920,0,0.06261949
1046,1,clean_serie11,4950,0,0.06535975
1047,1,clean_serie11,4980,0,0.06340639
1048,1,clean_serie11,5010,0,0.0625914
1049,1,clean_serie11,5040,0,0.06495401
1050,1,clean_serie11,5070,1,0.07745702
1051,1,clean_serie11,5100,1,0.14080581
1052,1,clean_serie11,5130,1,0.24183968
1053,1,clean_serie11,5160,1,0.3422054
1054,1,clean_serie11,5190,1,0.39992297
1055,1,clean_serie11,5220,1,0.37512988
1056,1,clean_serie11,5250,1,0.29596815
1057,1,clean_serie11,5280,1,0.21083044
1058,1,clean_serie11,5310,1,0.14934234
1059,1,clean_serie11,5340,1,0.122281775
1060,1,clean_serie11,5370,1,0.11824804
1061,1,clean_serie11,5400,1,0.12324526
1062,1,clean_serie11,5430,1,0.12778105
1063,1,clean_serie11,5460,1,0.13164444
1064,1,clean_serie11,5490,1,0.130137
1065,1,clean_serie11,5520,1,0.109965175
1066,1,clean_serie11,5550,1,0.09498401
1067,1,clean_serie11,5580,1,0.085857354
1068,1,clean_serie11,5610,1,0.075257175
1069,1,clean_serie11,5640,1,0.08379752
1070,1,clean_serie11,5670,1,0.10329482
1071,1,clean_serie11,5700,1,0.14227292
1072,1,clean_serie11,5730,1,0.19667819
1073,1,clean_serie11,5760,1,0.24361287
1074,1,clean_serie11,5790,1,0.2659018
1075,1,clean_serie11,5820,1,0.26661056
1076,1,clean_serie11,5850,1,0.27683336
1077,1,clean_serie11,5880,1,0.30639055
1078,1,clean_serie11,5910,1,0.31474036
1079,1,clean_serie11,5940,1,0.2987581
1080,1,clean_serie11,5970,1,0.25506553
1081,1,clean_serie11,6000,1,0.18938632
1082,1,clean_serie11,6030,1,0.14577563
1083,1,clean_serie11,6060,1,0.12084742
1084,1,clean_serie11,6090,1,0.09950287
1085,1,clean_serie11,6120,1,0.08722097
1086,1,clean_serie11,6150,1,0.08044382
1087,1,clean_serie11,6180,1,0.08323667
1088,1,clean_serie11,6210,1,0.08935531
1089,1,clean_serie11,6240,1,0.100940816
1090,1,clean_serie11,6270,1,0.13032798
1091,1,clean_serie11,6300,1,0.15522838
1092,1,clean_serie11,6330,1,0.17122118
1093,1,clean_serie11,6360,1,0.19991714
1094,1,clean_serie11,6390,1,0.22327027
1095,1,clean_serie11,6420,1,0.21782051
1096,1,clean_serie11,6450,1,0.21229978
1097,1,clean_serie11,6480,1,0.19227952
1098,1,clean_serie11,6510,1,0.16936077
1099,1,clean_serie11,6540,1,0.1840001
1100,1,clean_serie11,6570,1,0.193007
1101,1,clean_serie11,6600,1,0.18293835
1102,1,clean_serie11,6630,1,0.15503983
1103,1,clean_serie11,6660,1,0.11550016
1104,1,clean_serie11,6690,1,0.08148809
1105,1,clean_serie11,6720,0,0.071793094
1106,1,clean_serie11,6750,0,0.06721616
1107,1,clean_serie11,6780,0,0.06668687
1108,1,clean_serie11,6810,0,0.06468294
1109,1,clean_serie11,6840,0,0.06319192
1110,1,clean_serie11,6870,0,0.063730456
1111,1,clean_serie11,6900,0,0.06417169
1112,1,clean_serie11,6930,0,0.06521957
1113,1,clean_serie11,6960,0,0.06315801
1114,1,clean_serie11,6990,0,0.058618627
1115,1,clean_serie11,7020,0,0.056243796
1116,1,clean_serie11,7050,0,0.054946855
1117,1,clean_serie11,7080,0,0.05665557
1118,1,clean_serie11,7110,0,0.055852707
1119,1,clean_serie11,7140,0,0.056969248
1120,1,clean_serie11,7170,0,0.060041003
1121,1,clean_serie11,7200,1,0.06575946
1122,1,clean_serie11,7230,1,0.06777314
1123,1,clean_serie11,7260,1,0.0791287
1124,1,clean_serie11,7290,1,0.11838125
1125,1,clean_serie11,7320,1,0.21351764
1126,1,clean_serie11,7350,1,0.3182851
1127,1,clean_serie11,7380,1,0.38623887
1128,1,clean_serie11,7410,1,0.4014699
1129,1,clean_serie11,7440,1,0.3500978
1130,1,clean_serie11,7470,1,0.2868991
1131,1,clean_serie11,7500,1,0.2308369
1132,1,clean_serie11,7530,1,0.20245738
1133,1,clean_serie11,7560,1,0.16816548
1134,1,clean_serie11,7590,1,0.13214496
1135,1,clean_serie11,7620,1,0.10942646
1136,1,clean_serie11,7650,1,0.09519825
1137,1,clean_serie11,7680,1,0.09237734
1138,1,clean_serie11,7710,1,0.09292353
1139,1,clean_serie11,7740,1,0.0908148
1140,1,clean_serie11,7770,1,0.08287712
1141,1,clean_serie11,7800,1,0.07138802
1142,1,clean_serie11,7830,1,0.080343276
1143,1,clean_serie11,7860,1,0.12471072
1144,1,clean_serie11,7890,1,0.19086088
1145,1,clean_serie11,7920,1,0.23737839
1146,1,clean_serie11,7950,1,0.2526115
1147,1,clean_serie11,7980,1,0.24962446
1148,1,clean_serie11,8010,1,0.22570348
1149,1,clean_serie11,8040,1,0.20887029
1150,1,clean_serie11,8070,1,0.19397229
1151,1,clean_serie11,8100,1,0.17677607
1152,1,clean_serie11,8130,1,0.14270855
1153,1,clean_serie11,8160,1,0.11518953
1154,1,clean_serie11,8190,1,0.109782904
1155,1,clean_serie11,8220,1,0.13178827
1156,1,clean_serie11,8250,1,0.16470145
1157,1,clean_serie11,8280,1,0.16977721
1158,1,clean_serie11,8310,1,0.18160854
1159,1,clean_serie11,8340,1,0.19756658
1160,1,clean_serie11,8370,1,0.21761627
1161,1,clean_serie11,8400,1,0.23672117
1162,1,clean_serie11,8430,1,0.24861397
1163,1,clean_serie11,8460,1,0.22535162
1164,1,clean_serie11,8490,1,0.18036309
1165,1,clean_serie11,8520,1,0.1596486
1166,1,clean_serie11,8550,1,0.12827599
1167,1,clean_serie11,8580,1,0.10362911
1168,1,clean_serie11,8610,1,0.09032265
1169,1,clean_serie11,8640,1,0.08560157
1170,1,clean_serie11,8670,1,0.10172477
1171,1,clean_serie11,8700,1,0.13267869
1172,1,clean_serie11,8730,1,0.16842294
1173,1,clean_serie11,8760,1,0.18865207
1174,1,clean_serie11,8790,1,0.16511884
1175,1,clean_serie11,8820,1,0.13067482
1176,1,clean_serie11,8850,1,0.08893373
1177,1,clean_serie11,8880,1,0.06791689
1178,1,clean_serie11,8910,1,0.062341448
1179,1,clean_serie11,8940,1,0.060576376
1180,1,clean_serie11,8970,1,0.06174417
1181,1,clean_serie11,9000,0,0.05868969
1182,1,clean_serie11,9030,0,0.056651674
1183,1,clean_serie11,9060,0,0.055561587
1184,1,clean_serie11,9090,0,0.055082195
1185,1,clean_serie11,9120,0,0.053530466
1186,1,clean_serie11,9150,0,0.052656367
1187,1,clean_serie11,9180,1,0.054248035
1188,1,clean_serie11,9210,1,0.05706699
1189,1,clean_serie11,9240,1,0.059343655
1190,1,clean_serie11,9270,1,0.057779197
1191,1,clean_serie11,9300,1,0.056120973
1192,1,clean_serie11,9330,1,0.059448685
1193,1,clean_serie11,9360,1,0.06243852
1194,1,clean_serie11,9390,1,0.06271035
1195,1,clean_serie11,9420,1,0.07739315
1196,1,clean_serie11,9450,1,0.13160996
1197,1,clean_serie11,9480,1,0.23895422
1198,1,clean_serie11,9510,1,0.36153993
1199,1,clean_serie11,9540,1,0.4176227
1200,1,clean_serie11,9570,1,0.45291564
1201,1,clean_serie11,9600,1,0.4415622
1202,1,clean_serie11,9630,1,0.3831614
1203,1,clean_serie11,9660,1,0.3331811
1204,1,clean_serie11,9690,1,0.27020994
1205,1,clean_serie11,9720,1,0.2128899
1206,1,clean_serie11,9750,1,0.20949465
1207,1,clean_serie11,9780,1,0.23669124
1208,1,clean_serie11,9810,1,0.2670575
1209,1,clean_serie11,9840,1,0.26094788
1210,1,clean_serie11,9870,1,0.22734681
1211,1,clean_serie11,9900,1,0.18903391
1212,1,clean_serie11,9930,1,0.16315353
1213,1,clean_serie11,9960,1,0.1576279
1214,1,clean_serie11,9990,1,0.16376726
1215,1,clean_serie11,10020,1,0.1671614
1216,1,clean_serie11,10050,1,0.16173777
1217,1,clean_serie11,10080,1,0.14714889
1218,1,clean_serie11,10110,1,0.13583058
1219,1,clean_serie11,10140,1,0.14364594
1220,1,clean_serie11,10170,1,0.1422777
1221,1,clean_serie11,10200,1,0.13334462
1222,1,clean_serie11,10230,1,0.114966355
1223,1,clean_serie11,10260,1,0.09131037
1224,1,clean_serie11,10290,1,0.080646016
1225,1,clean_serie11,10320,1,0.078577176
1226,1,clean_serie11,10350,1,0.07821353
1227,1,clean_serie11,10380,1,0.08309514
1228,1,clean_serie11,10410,1,0.092600375
1229,1,clean_serie11,10440,1,0.09397687
1230,1,clean_serie11,10470,1,0.09858116
1231,1,clean_serie11,10500,1,0.10822563
1232,1,clean_serie11,10530,1,0.11951163
1233,1,clean_serie11,10560,1,0.12242258
1234,1,clean_serie11,10590,1,0.121949375
1235,1,clean_serie11,10620,1,0.11531776
1236,1,clean_serie11,10650,1,0.10845273
1237,1,clean_serie11,10680,1,0.12147828
1238,1,clean_serie11,10710,1,0.16952786
1239,1,clean_serie11,10740,1,0.19431378
1240,1,clean_serie11,10770,1,0.20538132
1241,1,clean_serie11,10800,1,0.19252633
1242,1,clean_serie11,10830,1,0.13308917
1243,1,clean_serie11,10860,1,0.097694725
1244,1,clean_serie11,10890,1,0.07052105
1245,1,clean_serie11,10920,1,0.061312802
1246,1,clean_serie11,10950,1,0.06687242
1247,1,clean_serie11,10980,1,0.06945764
1248,1,clean_serie11,11010,1,0.070955776
1249,1,clean_serie11,11040,1,0.06596866
1250,1,clean_serie11,11070,1,0.064239554
1251,1,clean_serie11,11100,1,0.06411684
1252,1,clean_serie11,11130,1,0.07810627
1253,1,clean_serie11,11160,1,0.08163112
1254,1,clean_serie11,11190,1,0.07901419
1255,1,clean_serie11,11220,1,0.07312379
1256,1,clean_serie11,11250,1,0.061557095
1257,1,clean_serie11,11280,1,0.06458545
1258,1,clean_serie11,11310,1,0.06871317
1259,1,clean_serie11,11340,1,0.07204327
1260,1,clean_serie11,11370,1,0.08405135
1261,1,clean_serie11,11400,1,0.11053629
1262,1,clean_serie11,11430,1,0.16889411
1263,1,clean_serie11,11460,1,0.26204193
1264,1,clean_serie11,11490,1,0.3258488
1265,1,clean_serie11,11520,1,0.3158934
1266,1,clean_serie11,11550,1,0.27601123
1267,1,clean_serie11,11580,1,0.18980473
1268,1,clean_serie11,11610,1,0.13228871
1269,1,clean_serie11,11640,1,0.135404
1270,1,clean_serie11,11670,1,0.13988037
1271,1,clean_serie11,11700,1,0.14651464
1272,1,clean_serie11,11730,1,0.14810811
1273,1,clean_serie11,11760,1,0.14071967
1274,1,clean_serie11,11790,1,0.12254495
1275,1,clean_serie11,11820,1,0.10402812
1276,1,clean_serie11,11850,1,0.08115119
1277,1,clean_serie11,11880,1,0.060593516
1278,1,clean_serie11,11910,1,0.057125036
1279,1,clean_serie11,11940,1,0.05762372
1280,1,clean_serie11,11970,1,0.060353443
1281,1,clean_serie11,12000,1,0.07157527
1282,1,clean_serie11,12030,1,0.0943831
1283,1,clean_serie11,12060,1,0.13847004
1284,1,clean_serie11,12090,1,0.20090593
1285,1,clean_serie11,12120,1,0.23994061
1286,1,clean_serie11,12150,1,0.25110862
1287,1,clean_serie11,12180,1,0.24245284
1288,1,clean_serie11,12210,1,0.19456096
1289,1,clean_serie11,12240,1,0.15498295
1290,1,clean_serie11,12270,1,0.1252688
1291,1,clean_serie11,12300,1,0.1086719
1292,1,clean_serie11,12330,1,0.099023424
1293,1,clean_serie11,12360,1,0.09594378
1294,1,clean_serie11,12390,1,0.09210768
1295,1,clean_serie11,12420,1,0.0906222
1296,1,clean_serie11,12450,1,0.10466822
1297,1,clean_serie11,12480,1,0.13783272
1298,1,clean_serie11,12510,1,0.15486346
1299,1,clean_serie11,12540,1,0.15360768
1300,1,clean_serie11,12570,1,0.14184514
1301,1,clean_serie11,12600,1,0.122612864
1302,1,clean_serie11,12630,1,0.1193278
1303,1,clean_serie11,12660,1,0.13300753
1304,1,clean_serie11,12690,1,0.15277104
1305,1,clean_serie11,12720,1,0.14527214
1306,1,clean_serie11,12750,1,0.14610837
1307,1,clean_serie11,12780,1,0.12367859
1308,1,clean_serie11,12810,1,0.09424169
1309,1,clean_serie11,12840,1,0.08464684
1310,1,clean_serie11,12870,1,0.0780713
1311,1,clean_serie11,12900,1,0.07896296
1312,1,clean_serie11,12930,1,0.09213909
1313,1,clean_serie11,12960,1,0.111926906
1314,1,clean_serie11,12990,1,0.13790265
1315,1,clean_serie11,13020,1,0.1697989
1316,1,clean_serie11,13050,1,0.19065239
1317,1,clean_serie11,13080,1,0.17515057
1318,1,clean_serie11,13110,1,0.14331146
1319,1,clean_serie11,13140,1,0.109333776
1320,1,clean_serie11,13170,1,0.07327569
1321,1,clean_serie11,13200,1,0.06635495
1322,1,clean_serie11,13230,1,0.062481917
1323,1,clean_serie11,13260,0,0.058833096
1324,1,clean_serie11,13290,0,0.06488502
1325,1,clean_serie11,13320,1,0.06687067
1326,1,clean_serie11,13350,1,0.066948995
1327,1,clean_serie11,13380,0,0.06575381
1328,1,clean_serie11,13410,0,0.0601997
1329,1,clean_serie11,13440,0,0.060339153
1330,1,clean_serie11,13470,0,0.0632493
1331,1,clean_serie11,13500,0,0.06799316
1332,1,clean_serie11,13530,0,0.07030743
1333,1,clean_serie11,13560,0,0.07265362
1334,1,clean_serie11,13590,0,0.071967684
1335,1,clean_serie11,13620,0,0.068162054
1336,1,clean_serie11,13650,0,0.06648494
1337,1,clean_serie11,13680,0,0.06522574
1338,1,clean_serie11,13710,0,0.06894123
1339,1,clean_serie11,13740,0,0.089538865
1340,1,clean_serie11,13770,1,0.13934001
1341,1,clean_serie11,13800,1,0.21732338
1342,1,clean_serie11,13830,1,0.28897172
1343,1,clean_serie11,13860,1,0.31078878
1344,1,clean_serie11,13890,1,0.28400666
1345,1,clean_serie11,13920,1,0.2193986
1346,1,clean_serie11,13950,1,0.17056821
1347,1,clean_serie11,13980,1,0.17345363
1348,1,clean_serie11,14010,1,0.17228849
1349,1,clean_serie11,14040,1,0.16101955
1350,1,clean_serie11,14070,1,0.13999428
1351,1,clean_serie11,14100,1,0.09643316
1352,1,clean_serie11,14130,1,0.08350863
1353,1,clean_serie11,14160,1,0.10295661
1354,1,clean_serie11,14190,1,0.12456786
1355,1,clean_serie11,14220,1,0.14910522
1356,1,clean_serie11,14250,1,0.17590044
1357,1,clean_serie11,14280,1,0.18242434
1358,1,clean_serie11,14310,1,0.16698131
1359,1,clean_serie11,14340,1,0.15952398
1360,1,clean_serie11,14370,1,0.15928935
1361,1,clean_serie11,14400,1,0.17874193
1362,1,clean_serie11,14430,1,0.22296442
1363,1,clean_serie11,14460,1,0.2367535
1364,1,clean_serie11,14490,1,0.23593317
1365,1,clean_serie11,14520,1,0.2104168
1366,1,clean_serie11,14550,1,0.18602891
1367,1,clean_serie11,14580,1,0.1585192
1368,1,clean_serie11,14610,1,0.12948205
1369,1,clean_serie11,14640,1,0.10840824
1370,1,clean_serie11,14670,1,0.0838915
1371,1,clean_serie11,14700,1,0.079735845
1372,1,clean_serie11,14730,1,0.08070883
1373,1,clean_serie11,14760,1,0.08011888
1374,1,clean_serie11,14790,1,0.081416845
1375,1,clean_serie11,14820,1,0.07981505
1376,1,clean_serie11,14850,1,0.075264566
1377,1,clean_serie11,14880,1,0.07264417
1378,1,clean_serie11,14910,1,0.06993182
1379,1,clean_serie11,14940,1,0.06782421
1380,1,clean_serie11,14970,1,0.077016234
1381,1,clean_serie11,15000,1,0.0993296
1382,1,clean_serie11,15030,1,0.12743852
1383,1,clean_serie11,15060,1,0.1556425
1384,1,clean_serie11,15090,1,0.18815206
1385,1,clean_serie11,15120,1,0.20098847
1386,1,clean_serie11,15150,1,0.1936225
1387,1,clean_serie11,15180,1,0.1752531
1388,1,clean_serie11,15210,1,0.13657998
1389,1,clean_serie11,15240,1,0.10631958
1390,1,clean_serie11,15270,1,0.08278606
1391,1,clean_serie11,15300,0,0.07602879
1392,1,clean_serie11,15330,0,0.07786952
1393,1,clean_serie11,15360,0,0.08557519
1394,1,clean_serie11,15390,1,0.10809933
1395,1,clean_serie11,15420,1,0.14522003
1396,1,clean_serie11,15450,1,0.17685774
1397,1,clean_serie11,15480,1,0.19878085
1398,1,clean_serie11,15510,1,0.1855079
1399,1,clean_serie11,15540,1,0.14770521
1400,1,clean_serie11,15570,1,0.11311915
1401,1,clean_serie11,15600,1,0.08384521
1402,1,clean_serie11,15630,1,0.073755644
1403,1,clean_serie11,15660,1,0.06658606
1404,1,clean_serie11,15690,1,0.064133324
1405,1,clean_serie11,15720,1,0.059199322
1406,1,clean_serie11,15750,1,0.055333022
1407,1,clean_serie11,15780,0,0.058557868
1408,1,clean_serie11,15810,0,0.057112515
1409,1,clean_serie11,15840,0,0.05966404
1410,1,clean_serie11,15870,0,0.061355
1411,1,clean_serie11,15900,0,0.059974067
1412,1,clean_serie11,15930,1,0.06438175
1413,1,clean_serie11,15960,1,0.063672945
1414,1,clean_serie11,15990,1,0.06556174
1415,1,clean_serie11,16020,1,0.0692169
1416,1,clean_serie11,16050,1,0.066201985
1417,1,clean_serie11,16080,1,0.06678516
1418,1,clean_serie11,16110,1,0.065091126
1419,1,clean_serie11,16140,1,0.06101762
1420,1,clean_serie11,16170,1,0.06209245
1421,1,clean_serie11,16200,1,0.0655195
1422,1,clean_serie11,16230,1,0.066660024
1423,1,clean_serie11,16260,1,0.09046292
1424,1,clean_serie11,16290,1,0.16710319
1425,1,clean_serie11,16320,1,0.26975155
1426,1,clean_serie11,16350,1,0.3522005
1427,1,clean_serie11,16380,1,0.38608524
1428,1,clean_serie11,16410,1,0.34733185
1429,1,clean_serie11,16440,1,0.26471534
1430,1,clean_serie11,16470,1,0.18464762
1431,1,clean_serie11,16500,1,0.14940557
1432,1,clean_serie11,16530,1,0.13419983
1433,1,clean_serie11,16560,1,0.118694685
1434,1,clean_serie11,16590,1,0.10869064
1435,1,clean_serie11,16620,1,0.095914446
1436,1,clean_serie11,16650,1,0.08404977
1437,1,clean_serie11,16680,1,0.078871526
1438,1,clean_serie11,16710,1,0.07453325
1439,1,clean_serie11,16740,1,0.07053128
1440,1,clean_serie11,16770,1,0.06765047
1441,1,clean_serie11,16800,1,0.082020886
1442,1,clean_serie11,16830,1,0.10987301
1443,1,clean_serie11,16860,1,0.15940458
1444,1,clean_serie11,16890,1,0.21102796
1445,1,clean_serie11,16920,1,0.2338499
1446,1,clean_serie11,16950,1,0.25151438
1447,1,clean_serie11,16980,1,0.27286103
1448,1,clean_serie11,17010,1,0.3002393
1449,1,clean_serie11,17040,1,0.327672
1450,1,clean_serie11,17070,1,0.3256108
1451,1,clean_serie11,17100,1,0.27166802
1452,1,clean_serie11,17130,1,0.20669815
1453,1,clean_serie11,17160,1,0.15212606
1454,1,clean_serie11,17190,1,0.11827077
1455,1,clean_serie11,17220,1,0.11788638
1456,1,clean_serie11,17250,1,0.12262814
1457,1,clean_serie11,17280,1,0.122517176
1458,1,clean_serie11,17310,1,0.124965385
1459,1,clean_serie11,17340,1,0.12013919
1460,1,clean_serie11,17370,1,0.11036297
1461,1,clean_serie11,17400,1,0.10849065
1462,1,clean_serie11,17430,1,0.10861514
1463,1,clean_serie11,17460,1,0.110144615
1464,1,clean_serie11,17490,1,0.126378
1465,1,clean_serie11,17520,1,0.15290643
1466,1,clean_serie11,17550,1,0.17066373
1467,1,clean_serie11,17580,1,0.16925949
1468,1,clean_serie11,17610,1,0.15222216
1469,1,clean_serie11,17640,1,0.12474397
1470,1,clean_serie11,17670,1,0.09496674
1471,1,clean_serie11,17700,1,0.08116061
1472,1,clean_serie11,17730,1,0.110793024
1473,1,clean_serie11,17760,1,0.1764208
1474,1,clean_serie11,17790,1,0.25542206
1475,1,clean_serie11,17820,1,0.28316456
1476,1,clean_serie11,17850,1,0.27625683
1477,1,clean_serie11,17880,1,0.21117797
1478,1,clean_serie11,17910,1,0.1306438
1479,1,clean_serie11,17940,1,0.09139883
1480,1,clean_serie11,17970,1,0.06838519
1481,1,clean_serie11,18000,0,0.061914954
1482,1,clean_serie11,18030,0,0.0632339
1483,1,clean_serie11,18060,0,0.063214056
1484,1,clean_serie11,18090,0,0.06322337
1485,1,clean_serie11,18120,0,0.064565584
1486,1,clean_serie11,18150,0,0.06092821
1487,1,clean_serie11,18180,0,0.060807522
1488,1,clean_serie11,18210,0,0.062661074
1489,1,clean_serie11,18240,1,0.063052684
1490,1,clean_serie11,18270,1,0.07016229
1491,1,clean_serie11,18300,1,0.075438656
1492,1,clean_serie11,18330,1,0.07238167
1493,1,clean_serie11,18360,1,0.06940765
1494,1,clean_serie11,18390,1,0.061356902
1495,1,clean_serie11,18420,1,0.062701076
1496,1,clean_serie11,18450,1,0.06721797
1497,1,clean_serie11,18480,1,0.08477913
1498,1,clean_serie11,18510,1,0.13548866
1499,1,clean_serie11,18540,1,0.21940613
1500,1,clean_serie11,18570,1,0.38284728
1501,1,clean_serie11,18600,1,0.557297
1502,1,clean_serie11,18630,1,0.6296246
1503,1,clean_serie11,18660,1,0.618638
1504,1,clean_serie11,18690,1,0.4961429
1505,1,clean_serie11,18720,1,0.34783664
1506,1,clean_serie11,18750,1,0.26400656
1507,1,clean_serie11,18780,1,0.21254864
1508,1,clean_serie11,18810,1,0.173119
1509,1,clean_serie11,18840,1,0.15099606
1510,1,clean_serie11,18870,1,0.13827065
1511,1,clean_serie11,18900,1,0.13881126
1512,1,clean_serie11,18930,1,0.13305427
1513,1,clean_serie11,18960,1,0.11801544
1514,1,clean_serie11,18990,1,0.10248999
1515,1,clean_serie11,19020,1,0.087469645
1516,1,clean_serie11,19050,1,0.085979484
1517,1,clean_serie11,19080,1,0.086481944
1518,1,clean_serie11,19110,1,0.0824585
1519,1,clean_serie11,19140,1,0.078871906
1520,1,clean_serie11,19170,1,0.090440325
1521,1,clean_serie11,19200,1,0.10797096
1522,1,clean_serie11,19230,1,0.1165066
1523,1,clean_serie11,19260,1,0.114800885
1524,1,clean_serie11,19290,1,0.12736674
1525,1,clean_serie11,19320,1,0.17092475
1526,1,clean_serie11,19350,1,0.2759424
1527,1,clean_serie11,19380,1,0.3793425
1528,1,clean_serie11,19410,1,0.4085245
1529,1,clean_serie11,19440,1,0.38171932
1530,1,clean_serie11,19470,1,0.26911777
1531,1,clean_serie11,19500,1,0.17651123
1532,1,clean_serie11,19530,1,0.14067577
1533,1,clean_serie11,19560,1,0.123817585
1534,1,clean_serie11,19590,1,0.12388982
1535,1,clean_serie11,19620,1,0.1315065
1536,1,clean_serie11,19650,1,0.12522832
1537,1,clean_serie11,19680,1,0.14319964
1538,1,clean_serie11,19710,1,0.21537341
1539,1,clean_serie11,19740,1,0.27061194
1540,1,clean_serie11,19770,1,0.2929796
1541,1,clean_serie11,19800,1,0.26578155
1542,1,clean_serie11,19830,1,0.19613567
1543,1,clean_serie11,19860,1,0.16253768
1544,1,clean_serie11,19890,1,0.20268276
1545,1,clean_serie11,19920,1,0.26022536
1546,1,clean_serie11,19950,1,0.2729885
1547,1,clean_serie11,19980,1,0.23991157
1548,1,clean_serie11,20010,1,0.16624169
1549,1,clean_serie11,20040,1,0.08809669
1550,1,clean_serie11,20070,1,0.06498242
1551,1,clean_serie11,20100,1,0.06399966
1552,1,clean_serie11,20130,1,0.06572112
1553,1,clean_serie11,20160,1,0.063893735
1554,1,clean_serie11,20190,1,0.06301842
1555,1,clean_serie11,20220,1,0.061948612
1556,1,clean_serie11,20250,0,0.060814057
1557,1,clean_serie11,20280,0,0.064581364
1558,1,clean_serie11,20310,0,0.06720872
1559,1,clean_serie11,20340,0,0.06758576
1560,1,clean_serie11,20370,0,0.07010708
1561,1,clean_serie11,20400,0,0.06834965
1562,1,clean_serie11,20430,0,0.065843366
1563,1,clean_serie11,20460,1,0.061174404
1564,1,clean_serie11,20490,1,0.06238276
1565,1,clean_serie11,20520,1,0.067931935
1566,1,clean_serie11,20550,1,0.07672346
1567,1,clean_serie11,20580,1,0.09141469
1568,1,clean_serie11,20610,1,0.20354687
1569,1,clean_serie11,20640,1,0.38804546
1570,1,clean_serie11,20670,1,0.5602879
1571,1,clean_serie11,20700,1,0.70715517
1572,1,clean_serie11,20730,1,0.7029186
1573,1,clean_serie11,20760,1,0.5778577
1574,1,clean_serie11,20790,1,0.42151463
1575,1,clean_serie11,20820,1,0.30589005
1576,1,clean_serie11,20850,1,0.24651012
1577,1,clean_serie11,20880,1,0.20611176
1578,1,clean_serie11,20910,1,0.17704344
1579,1,clean_serie11,20940,1,0.1398408
1580,1,clean_serie11,20970,1,0.10355362
1581,1,clean_serie11,21000,1,0.0916787
1582,1,clean_serie11,21030,1,0.09084617
1583,1,clean_serie11,21060,1,0.08307214
1584,1,clean_serie11,21090,1,0.07604259
1585,1,clean_serie11,21120,1,0.070317216
1586,1,clean_serie11,21150,1,0.07209099
1587,1,clean_serie11,21180,1,0.07611494
1588,1,clean_serie11,21210,1,0.09663259
1589,1,clean_serie11,21240,1,0.15061612
1590,1,clean_serie11,21270,1,0.19275638
1591,1,clean_serie11,21300,1,0.22670743
1592,1,clean_serie11,21330,1,0.24463262
1593,1,clean_serie11,21360,1,0.22993663
1594,1,clean_serie11,21390,1,0.20177144
1595,1,clean_serie11,21420,1,0.18316998
1596,1,clean_serie11,21450,1,0.18132265
1597,1,clean_serie11,21480,1,0.16684623
1598,1,clean_serie11,21510,1,0.15373868
1599,1,clean_serie11,21540,1,0.14083737
1600,1,clean_serie11,21570,1,0.117172495
1601,1,clean_serie11,21600,1,0.10300105
1602,1,clean_serie11,21630,1,0.09708827
1603,1,clean_serie11,21660,1,0.1084038
1604,1,clean_serie11,21690,1,0.12690097
1605,1,clean_serie11,21720,1,0.13772
1606,1,clean_serie11,21750,1,0.1509223
1607,1,clean_serie11,21780,1,0.14211674
1608,1,clean_serie11,21810,1,0.13115436
1609,1,clean_serie11,21840,1,0.13611285
1610,1,clean_serie11,21870,1,0.17530733
1611,1,clean_serie11,21900,1,0.20332861
1612,1,clean_serie11,21930,1,0.21107638
1613,1,clean_serie11,21960,1,0.20325033
1614,1,clean_serie11,21990,1,0.16428117
1615,1,clean_serie11,22020,1,0.13211219
1616,1,clean_serie11,22050,1,0.13637312
1617,1,clean_serie11,22080,1,0.16195926
1618,1,clean_serie11,22110,1,0.18909878
1619,1,clean_serie11,22140,1,0.20016935
1620,1,clean_serie11,22170,1,0.18623133
1621,1,clean_serie11,22200,1,0.1398359
1622,1,clean_serie11,22230,1,0.09195164
1623,1,clean_serie11,22260,1,0.07105705
1624,1,clean_serie11,22290,1,0.06378452
1625,1,clean_serie11,22320,1,0.069356024
1626,1,clean_serie11,22350,1,0.07974429
1627,1,clean_serie11,22380,1,0.08499188
1628,1,clean_serie11,22410,1,0.081963174
1629,1,clean_serie11,22440,1,0.08007904
1630,1,clean_serie11,22470,1,0.07980298
1631,1,clean_serie11,22500,1,0.08094996
1632,1,clean_serie11,22530,1,0.08555461
1633,1,clean_serie11,22560,1,0.08537528
1634,1,clean_serie11,22590,1,0.08368884
1635,1,clean_serie11,22620,1,0.07735357
1636,1,clean_serie11,22650,1,0.07248365
1637,1,clean_serie11,22680,1,0.07098616
1638,1,clean_serie11,22710,1,0.06362241
1639,1,clean_serie11,22740,1,0.06322375
1640,1,clean_serie11,22770,1,0.064883985
1641,1,clean_serie11,22800,1,0.06990361
1642,1,clean_serie11,22830,1,0.07268708
1643,1,clean_serie11,22860,1,0.10677213
1644,1,clean_serie11,22890,1,0.18926173
1645,1,clean_serie11,22920,1,0.36960578
1646,1,clean_serie11,22950,1,0.56894875
1647,1,clean_serie11,22980,1,0.6344822
1648,1,clean_serie11,23010,1,0.6287047
1649,1,clean_serie11,23040,1,0.5237666
1650,1,clean_serie11,23070,1,0.37896556
1651,1,clean_serie11,23100,1,0.33495644
1652,1,clean_serie11,23130,1,0.32288542
1653,1,clean_serie11,23160,1,0.32145512
1654,1,clean_serie11,23190,1,0.3572583
1655,1,clean_serie11,23220,1,0.4268598
1656,1,clean_serie11,23250,1,0.5715153
1657,2,clean_serie2,0,1,0.24448057
1658,2,clean_serie2,30,1,0.16477503
1659,2,clean_serie2,60,1,0.111016326
1660,2,clean_serie2,90,1,0.07710004
1661,2,clean_serie2,120,1,0.067592815
1662,2,clean_serie2,150,1,0.062720194
1663,2,clean_serie2,180,1,0.05979725
1664,2,clean_serie2,210,0,0.050706014
1665,2,clean_serie2,240,0,0.041195054
1666,2,clean_serie2,270,0,0.03930124
1667,2,clean_serie2,300,0,0.037620235
1668,2,clean_serie2,330,0,0.03949949
1669,2,clean_serie2,360,0,0.040559888
1670,2,clean_serie2,390,0,0.040015623
1671,2,clean_serie2,420,0,0.039949615
1672,2,clean_serie2,450,0,0.03981165
1673,2,clean_serie2,480,0,0.042450074
1674,2,clean_serie2,510,0,0.046413798
1675,2,clean_serie2,540,0,0.053264152
1676,2,clean_serie2,570,0,0.07899868
1677,2,clean_serie2,600,1,0.124038376
1678,2,clean_serie2,630,1,0.16300751
1679,2,clean_serie2,660,1,0.16543582
1680,2,clean_serie2,690,1,0.140207
1681,2,clean_serie2,720,0,0.091536045
1682,2,clean_serie2,750,0,0.04642598
1683,2,clean_serie2,780,0,0.037332185
1684,2,clean_serie2,810,0,0.038215872
1685,2,clean_serie2,840,0,0.042739317
1686,2,clean_serie2,870,0,0.044691097
1687,2,clean_serie2,900,0,0.04480872
1688,2,clean_serie2,930,0,0.042767804
1689,2,clean_serie2,960,0,0.03954298
1690,2,clean_serie2,990,0,0.038554158
1691,2,clean_serie2,1020,0,0.038662
1692,2,clean_serie2,1050,0,0.0405399
1693,2,clean_serie2,1080,0,0.04041709
1694,2,clean_serie2,1110,0,0.0405006
1695,2,clean_serie2,1140,0,0.042453125
1696,2,clean_serie2,1170,0,0.04103991
1697,2,clean_serie2,1200,0,0.040535096
1698,2,clean_serie2,1230,0,0.043825887
1699,2,clean_serie2,1260,0,0.05563015
1700,2,clean_serie2,1290,0,0.07391542
1701,2,clean_serie2,1320,1,0.094926015
1702,2,clean_serie2,1350,1,0.12508994
1703,2,clean_serie2,1380,1,0.15303643
1704,2,clean_serie2,1410,1,0.15883626
1705,2,clean_serie2,1440,1,0.15241115
1706,2,clean_serie2,1470,1,0.12024199
1707,2,clean_serie2,1500,1,0.1044288
1708,2,clean_serie2,1530,1,0.12260347
1709,2,clean_serie2,1560,1,0.16537479
1710,2,clean_serie2,1590,1,0.17212777
1711,2,clean_serie2,1620,1,0.1520947
1712,2,clean_serie2,1650,0,0.10681451
1713,2,clean_serie2,1680,0,0.056655567
1714,2,clean_serie2,1710,0,0.041780077
1715,2,clean_serie2,1740,0,0.047845915
1716,2,clean_serie2,1770,0,0.053745065
1717,2,clean_serie2,1800,0,0.07107092
1718,2,clean_serie2,1830,1,0.09102728
1719,2,clean_serie2,1860,1,0.10285149
1720,2,clean_serie2,1890,1,0.10571157
1721,2,clean_serie2,1920,1,0.09141465
1722,2,clean_serie2,1950,1,0.07592313
1723,2,clean_serie2,1980,1,0.07336647
1724,2,clean_serie2,2010,1,0.11461487
1725,2,clean_serie2,2040,1,0.20330562
1726,2,clean_serie2,2070,1,0.25109035
1727,2,clean_serie2,2100,1,0.2554879
1728,2,clean_serie2,2130,1,0.20943132
1729,2,clean_serie2,2160,1,0.118211836
1730,2,clean_serie2,2190,0,0.07142852
1731,2,clean_serie2,2220,0,0.05315778
1732,2,clean_serie2,2250,0,0.050602023
1733,2,clean_serie2,2280,0,0.04443741
1734,2,clean_serie2,2310,0,0.04108292
1735,2,clean_serie2,2340,0,0.039404098
1736,2,clean_serie2,2370,0,0.05012351
1737,2,clean_serie2,2400,0,0.07391393
1738,2,clean_serie2,2430,1,0.102157325
1739,2,clean_serie2,2460,1,0.10881022
1740,2,clean_serie2,2490,1,0.09757508
1741,2,clean_serie2,2520,0,0.074135765
1742,2,clean_serie2,2550,0,0.047408916
1743,2,clean_serie2,2580,0,0.037151147
1744,2,clean_serie2,2610,0,0.03887268
1745,2,clean_serie2,2640,0,0.03840761
1746,2,clean_serie2,2670,0,0.03897899
1747,2,clean_serie2,2700,0,0.040219884
1748,2,clean_serie2,2730,0,0.04054309
1749,2,clean_serie2,2760,0,0.04332552
1750,2,clean_serie2,2790,0,0.046580415
1751,2,clean_serie2,2820,0,0.04688701
1752,2,clean_serie2,2850,0,0.04775057
1753,2,clean_serie2,2880,0,0.04487133
1754,2,clean_serie2,2910,0,0.04174859
1755,2,clean_serie2,2940,0,0.041446254
1756,2,clean_serie2,2970,0,0.040925883
1757,2,clean_serie2,3000,0,0.041317437
1758,2,clean_serie2,3030,0,0.04366963
1759,2,clean_serie2,3060,0,0.04492397
1760,2,clean_serie2,3090,0,0.045515727
1761,2,clean_serie2,3120,0,0.04545087
1762,2,clean_serie2,3150,0,0.044735357
1763,2,clean_serie2,3180,0,0.043076355
1764,2,clean_serie2,3210,0,0.04267206
1765,2,clean_serie2,3240,0,0.04563189
1766,2,clean_serie2,3270,0,0.044500057
1767,2,clean_serie2,3300,0,0.043414645
1768,2,clean_serie2,3330,0,0.053474482
1769,2,clean_serie2,3360,0,0.07178243
1770,2,clean_serie2,3390,1,0.09436683
1771,2,clean_serie2,3420,1,0.103753895
1772,2,clean_serie2,3450,1,0.10334929
1773,2,clean_serie2,3480,1,0.09925006
1774,2,clean_serie2,3510,1,0.085037686
1775,2,clean_serie2,3540,1,0.07937531
1776,2,clean_serie2,3570,1,0.07110741
1777,2,clean_serie2,3600,0,0.0612735
1778,2,clean_serie2,3630,0,0.05245409
1779,2,clean_serie2,3660,0,0.054985773
1780,2,clean_serie2,3690,0,0.06489024
1781,2,clean_serie2,3720,1,0.06973504
1782,2,clean_serie2,3750,1,0.072942704
1783,2,clean_serie2,3780,1,0.066974185
1784,2,clean_serie2,3810,1,0.064339556
1785,2,clean_serie2,3840,1,0.078595296
1786,2,clean_serie2,3870,1,0.11252576
1787,2,clean_serie2,3900,1,0.1356724
1788,2,clean_serie2,3930,1,0.13710353
1789,2,clean_serie2,3960,1,0.12346318
1790,2,clean_serie2,3990,1,0.11459673
1791,2,clean_serie2,4020,1,0.12805511
1792,2,clean_serie2,4050,1,0.14471939
1793,2,clean_serie2,4080,1,0.14471386
1794,2,clean_serie2,4110,1,0.114400305
1795,2,clean_serie2,4140,1,0.0784059
1796,2,clean_serie2,4170,0,0.050607815
1797,2,clean_serie2,4200,0,0.041765645
1798,2,clean_serie2,4230,0,0.041481897
1799,2,clean_serie2,4260,0,0.038356423
1800,2,clean_serie2,4290,0,0.038447265
1801,2,clean_serie2,4320,0,0.040252358
1802,2,clean_serie2,4350,0,0.041581154
1803,2,clean_serie2,4380,0,0.041719705
1804,2,clean_serie2,4410,0,0.04347176
1805,2,clean_serie2,4440,0,0.045651197
1806,2,clean_serie2,4470,0,0.044396516
1807,2,clean_serie2,4500,0,0.04332591
1808,2,clean_serie2,4530,0,0.04306668
1809,2,clean_serie2,4560,0,0.03928493
1810,2,clean_serie2,4590,0,0.0425003
1811,2,clean_serie2,4620,0,0.055542145
1812,2,clean_serie2,4650,0,0.085367486
1813,2,clean_serie2,4680,1,0.121438876
1814,2,clean_serie2,4710,1,0.16015862
1815,2,clean_serie2,4740,1,0.19670421
1816,2,clean_serie2,4770,1,0.20163733
1817,2,clean_serie2,4800,1,0.16579768
1818,2,clean_serie2,4830,1,0.1325786
1819,2,clean_serie2,4860,1,0.09819511
1820,2,clean_serie2,4890,1,0.08464831
1821,2,clean_serie2,4920,1,0.089924075
1822,2,clean_serie2,4950,1,0.09523988
1823,2,clean_serie2,4980,1,0.08263645
1824,2,clean_serie2,5010,0,0.06611839
1825,2,clean_serie2,5040,0,0.050462037
1826,2,clean_serie2,5070,0,0.039253317
1827,2,clean_serie2,5100,0,0.0411937
1828,2,clean_serie2,5130,0,0.040815443
1829,2,clean_serie2,5160,0,0.04179416
1830,2,clean_serie2,5190,0,0.04811574
1831,2,clean_serie2,5220,0,0.058584772
1832,2,clean_serie2,5250,1,0.06772372
1833,2,clean_serie2,5280,1,0.075526044
1834,2,clean_serie2,5310,1,0.07951994
1835,2,clean_serie2,5340,1,0.0780265
1836,2,clean_serie2,5370,1,0.07363482
1837,2,clean_serie2,5400,1,0.06085383
1838,2,clean_serie2,5430,0,0.05201592
1839,2,clean_serie2,5460,0,0.041671988
1840,2,clean_serie2,5490,0,0.044074055
1841,2,clean_serie2,5520,0,0.057935923
1842,2,clean_serie2,5550,0,0.09214873
1843,2,clean_serie2,5580,1,0.13094094
1844,2,clean_serie2,5610,1,0.1387201
1845,2,clean_serie2,5640,1,0.12715751
1846,2,clean_serie2,5670,0,0.0950771
1847,2,clean_serie2,5700,0,0.05829732
1848,2,clean_serie2,5730,0,0.045686398
1849,2,clean_serie2,5760,0,0.048422262
1850,2,clean_serie2,5790,0,0.055728283
1851,2,clean_serie2,5820,0,0.073774576
1852,2,clean_serie2,5850,1,0.09401618
1853,2,clean_serie2,5880,1,0.09831209
1854,2,clean_serie2,5910,1,0.09928172
1855,2,clean_serie2,5940,1,0.08054494
1856,2,clean_serie2,5970,1,0.06745288
1857,2,clean_serie2,6000,0,0.05861664
1858,2,clean_serie2,6030,0,0.053494096
1859,2,clean_serie2,6060,0,0.051340904
1860,2,clean_serie2,6090,0,0.045169752
1861,2,clean_serie2,6120,0,0.042785116
1862,2,clean_serie2,6150,0,0.03944507
1863,2,clean_serie2,6180,0,0.039511584
1864,2,clean_serie2,6210,0,0.04004905
1865,2,clean_serie2,6240,0,0.041118667
1866,2,clean_serie2,6270,0,0.04146429
1867,2,clean_serie2,6300,0,0.04304157
1868,2,clean_serie2,6330,0,0.048293296
1869,2,clean_serie2,6360,0,0.05430587
1870,2,clean_serie2,6390,0,0.059553236
1871,2,clean_serie2,6420,0,0.064417385
1872,2,clean_serie2,6450,0,0.0585115
1873,2,clean_serie2,6480,0,0.060550682
1874,2,clean_serie2,6510,0,0.06971834
1875,2,clean_serie2,6540,1,0.091953225
1876,2,clean_serie2,6570,1,0.11831757
1877,2,clean_serie2,6600,1,0.13791834
1878,2,clean_serie2,6630,1,0.1780985
1879,2,clean_serie2,6660,1,0.20609331
1880,2,clean_serie2,6690,1,0.19374773
1881,2,clean_serie2,6720,1,0.17383517
1882,2,clean_serie2,6750,1,0.12343801
1883,2,clean_serie2,6780,1,0.076398
1884,2,clean_serie2,6810,1,0.077731565
1885,2,clean_serie2,6840,1,0.07639986
1886,2,clean_serie2,6870,1,0.07970049
1887,2,clean_serie2,6900,0,0.07576945
1888,2,clean_serie2,6930,0,0.060396463
1889,2,clean_serie2,6960,0,0.05392368
1890,2,clean_serie2,6990,0,0.048735794
1891,2,clean_serie2,7020,0,0.04685689
1892,2,clean_serie2,7050,0,0.055114955
1893,2,clean_serie2,7080,0,0.06278591
1894,2,clean_serie2,7110,1,0.07094119
1895,2,clean_serie2,7140,1,0.082685724
1896,2,clean_serie2,7170,1,0.100216284
1897,2,clean_serie2,7200,1,0.103308536
1898,2,clean_serie2,7230,1,0.11352463
1899,2,clean_serie2,7260,1,0.11768807
1900,2,clean_serie2,7290,1,0.10819317
1901,2,clean_serie2,7320,1,0.10230518
1902,2,clean_serie2,7350,1,0.11053213
1903,2,clean_serie2,7380,1,0.16033873
1904,2,clean_serie2,7410,1,0.23566587
1905,2,clean_serie2,7440,1,0.26681525
1906,2,clean_serie2,7470,1,0.25193277
1907,2,clean_serie2,7500,1,0.18821849
1908,2,clean_serie2,7530,1,0.11036837
1909,2,clean_serie2,7560,0,0.063973725
1910,2,clean_serie2,7590,0,0.057362422
1911,2,clean_serie2,7620,0,0.04991839
1912,2,clean_serie2,7650,0,0.04646477
1913,2,clean_serie2,7680,0,0.045064773
1914,2,clean_serie2,7710,0,0.05632271
1915,2,clean_serie2,7740,0,0.08839747
1916,2,clean_serie2,7770,1,0.12432296
1917,2,clean_serie2,7800,1,0.1346265
1918,2,clean_serie2,7830,1,0.1367713
1919,2,clean_serie2,7860,1,0.1259631
1920,2,clean_serie2,7890,1,0.10049046
1921,2,clean_serie2,7920,1,0.09974433
1922,2,clean_serie2,7950,1,0.083345294
1923,2,clean_serie2,7980,0,0.06420382
1924,2,clean_serie2,8010,0,0.04663426
1925,2,clean_serie2,8040,0,0.039740097
1926,2,clean_serie2,8070,0,0.03967492
1927,2,clean_serie2,8100,0,0.040178604
1928,2,clean_serie2,8130,0,0.041064326
1929,2,clean_serie2,8160,0,0.04030302
1930,2,clean_serie2,8190,0,0.042429306
1931,2,clean_serie2,8220,0,0.04465319
1932,2,clean_serie2,8250,0,0.045179356
1933,2,clean_serie2,8280,0,0.04537523
1934,2,clean_serie2,8310,0,0.044445157
1935,2,clean_serie2,8340,0,0.043276865
1936,2,clean_serie2,8370,0,0.043329824
1937,2,clean_serie2,8400,0,0.044421915
1938,2,clean_serie2,8430,0,0.044752073
1939,2,clean_serie2,8460,0,0.04836346
1940,2,clean_serie2,8490,0,0.06661086
1941,2,clean_serie2,8520,0,0.08393759
1942,2,clean_serie2,8550,1,0.108096056
1943,2,clean_serie2,8580,1,0.13792005
1944,2,clean_serie2,8610,1,0.15393437
1945,2,clean_serie2,8640,1,0.16797541
1946,2,clean_serie2,8670,1,0.16045663
1947,2,clean_serie2,8700,1,0.1470676
1948,2,clean_serie2,8730,1,0.14879431
1949,2,clean_serie2,8760,1,0.15396875
1950,2,clean_serie2,8790,1,0.16408905
1951,2,clean_serie2,8820,1,0.18140338
1952,2,clean_serie2,8850,1,0.17915477
1953,2,clean_serie2,8880,1,0.14773047
1954,2,clean_serie2,8910,1,0.12465169
1955,2,clean_serie2,8940,1,0.091138564
1956,2,clean_serie2,8970,0,0.065232605
1957,2,clean_serie2,9000,1,0.06797723
1958,2,clean_serie2,9030,1,0.07542302
1959,2,clean_serie2,9060,1,0.08291121
1960,2,clean_serie2,9090,1,0.09681314
1961,2,clean_serie2,9120,1,0.09860461
1962,2,clean_serie2,9150,1,0.09083774
1963,2,clean_serie2,9180,1,0.0758006
1964,2,clean_serie2,9210,0,0.056282736
1965,2,clean_serie2,9240,0,0.04656645
1966,2,clean_serie2,9270,0,0.055533335
1967,2,clean_serie2,9300,0,0.07874395
1968,2,clean_serie2,9330,1,0.13489658
1969,2,clean_serie2,9360,1,0.19694418
1970,2,clean_serie2,9390,1,0.21817006
1971,2,clean_serie2,9420,1,0.21047743
1972,2,clean_serie2,9450,1,0.16857795
1973,2,clean_serie2,9480,1,0.1072916
1974,2,clean_serie2,9510,1,0.078344546
1975,2,clean_serie2,9540,0,0.06277919
1976,2,clean_serie2,9570,0,0.050150264
1977,2,clean_serie2,9600,0,0.046997827
1978,2,clean_serie2,9630,0,0.050855838
1979,2,clean_serie2,9660,0,0.10335406
1980,2,clean_serie2,9690,1,0.19006202
1981,2,clean_serie2,9720,1,0.26437986
1982,2,clean_serie2,9750,1,0.2806755
1983,2,clean_serie2,9780,1,0.23423421
1984,2,clean_serie2,9810,1,0.15852481
1985,2,clean_serie2,9840,1,0.082221806
1986,2,clean_serie2,9870,1,0.06400978
1987,2,clean_serie2,9900,0,0.056887906
1988,2,clean_serie2,9930,0,0.045835976
1989,2,clean_serie2,9960,0,0.042510763
1990,2,clean_serie2,9990,0,0.037348628
1991,2,clean_serie2,10020,0,0.03811221
1992,2,clean_serie2,10050,0,0.037593268
1993,2,clean_serie2,10080,0,0.03793681
1994,2,clean_serie2,10110,0,0.03764416
1995,2,clean_serie2,10140,0,0.058011476
1996,2,clean_serie2,10170,0,0.088758774
1997,2,clean_serie2,10200,1,0.13303562
1998,2,clean_serie2,10230,1,0.15395612
1999,2,clean_serie2,10260,1,0.14714177
2000,2,clean_serie2,10290,1,0.1215254
2001,2,clean_serie2,10320,1,0.08695046
2002,2,clean_serie2,10350,1,0.066822976
2003,2,clean_serie2,10380,1,0.05651718
2004,2,clean_serie2,10410,1,0.06544105
2005,2,clean_serie2,10440,1,0.08187499
2006,2,clean_serie2,10470,1,0.08668844
2007,2,clean_serie2,10500,1,0.08500767
2008,2,clean_serie2,10530,1,0.07862518
2009,2,clean_serie2,10560,1,0.060201656
2010,2,clean_serie2,10590,0,0.059576962
2011,2,clean_serie2,10620,1,0.08643453
2012,2,clean_serie2,10650,1,0.18071026
2013,2,clean_serie2,10680,1,0.30109757
2014,2,clean_serie2,10710,1,0.36076692
2015,2,clean_serie2,10740,1,0.3523784
2016,2,clean_serie2,10770,1,0.2775954
2017,2,clean_serie2,10800,1,0.17342986
2018,2,clean_serie2,10830,1,0.107048504
2019,2,clean_serie2,10860,1,0.098518044
2020,2,clean_serie2,10890,1,0.09232201
2021,2,clean_serie2,10920,1,0.08340153
2022,2,clean_serie2,10950,1,0.07779042
2023,2,clean_serie2,10980,0,0.06982408
2024,2,clean_serie2,11010,0,0.056280963
2025,2,clean_serie2,11040,0,0.052448843
2026,2,clean_serie2,11070,0,0.04775172
2027,2,clean_serie2,11100,0,0.044579986
2028,2,clean_serie2,11130,0,0.044315454
2029,2,clean_serie2,11160,0,0.044208948
2030,2,clean_serie2,11190,0,0.043667674
2031,2,clean_serie2,11220,0,0.04329571
2032,2,clean_serie2,11250,0,0.04297809
2033,2,clean_serie2,11280,0,0.04195134
2034,2,clean_serie2,11310,0,0.042332668
2035,2,clean_serie2,11340,0,0.04246951
2036,2,clean_serie2,11370,0,0.042402845
2037,2,clean_serie2,11400,0,0.04315305
2038,2,clean_serie2,11430,0,0.043476652
2039,2,clean_serie2,11460,0,0.042536456
2040,2,clean_serie2,11490,0,0.041574486
2041,2,clean_serie2,11520,0,0.040648773
2042,2,clean_serie2,11550,0,0.04021678
2043,2,clean_serie2,11580,0,0.039215203
2044,2,clean_serie2,11610,0,0.04944131
2045,2,clean_serie2,11640,0,0.07765573
2046,2,clean_serie2,11670,1,0.13708445
2047,2,clean_serie2,11700,1,0.18960395
2048,2,clean_serie2,11730,1,0.22449224
2049,2,clean_serie2,11760,1,0.23460011
2050,2,clean_serie2,11790,1,0.20861347
2051,2,clean_serie2,11820,1,0.17456223
2052,2,clean_serie2,11850,1,0.16433382
2053,2,clean_serie2,11880,1,0.16259539
2054,2,clean_serie2,11910,1,0.15168338
2055,2,clean_serie2,11940,1,0.13806862
2056,2,clean_serie2,11970,1,0.109449044
2057,2,clean_serie2,12000,1,0.07453367
2058,2,clean_serie2,12030,0,0.05087057
2059,2,clean_serie2,12060,0,0.053633817
2060,2,clean_serie2,12090,1,0.06903415
2061,2,clean_serie2,12120,1,0.098180346
2062,2,clean_serie2,12150,1,0.114710875
2063,2,clean_serie2,12180,1,0.12453826
2064,2,clean_serie2,12210,1,0.12879948
2065,2,clean_serie2,12240,1,0.11544801
2066,2,clean_serie2,12270,1,0.099829294
2067,2,clean_serie2,12300,1,0.08349623
2068,2,clean_serie2,12330,0,0.06524786
2069,2,clean_serie2,12360,0,0.053923074
2070,2,clean_serie2,12390,0,0.07262881
2071,2,clean_serie2,12420,1,0.12548567
2072,2,clean_serie2,12450,1,0.17719217
2073,2,clean_serie2,12480,1,0.22524318
2074,2,clean_serie2,12510,1,0.22284251
2075,2,clean_serie2,12540,1,0.17661844
2076,2,clean_serie2,12570,1,0.12543783
2077,2,clean_serie2,12600,1,0.07975851
2078,2,clean_serie2,12630,1,0.06313878
2079,2,clean_serie2,12660,1,0.060687102
2080,2,clean_serie2,12690,1,0.05956229
2081,2,clean_serie2,12720,0,0.057401296
2082,2,clean_serie2,12750,0,0.050647277
2083,2,clean_serie2,12780,0,0.04817455
2084,2,clean_serie2,12810,0,0.042780455
2085,2,clean_serie2,12840,0,0.042748448
2086,2,clean_serie2,12870,0,0.04555204
2087,2,clean_serie2,12900,0,0.04577655
2088,2,clean_serie2,12930,0,0.04644785
2089,2,clean_serie2,12960,0,0.04391531
2090,2,clean_serie2,12990,0,0.041615468
2091,2,clean_serie2,13020,0,0.041221887
2092,2,clean_serie2,13050,0,0.040779937
2093,2,clean_serie2,13080,0,0.03889887
2094,2,clean_serie2,13110,0,0.03868697
2095,2,clean_serie2,13140,0,0.04010942
2096,2,clean_serie2,13170,0,0.04343545
2097,2,clean_serie2,13200,0,0.051320635
2098,2,clean_serie2,13230,0,0.062431183
2099,2,clean_serie2,13260,1,0.07202836
2100,2,clean_serie2,13290,1,0.07559585
2101,2,clean_serie2,13320,1,0.075871095
2102,2,clean_serie2,13350,1,0.07797563
2103,2,clean_serie2,13380,1,0.08850981
2104,2,clean_serie2,13410,1,0.09504781
2105,2,clean_serie2,13440,1,0.09045537
2106,2,clean_serie2,13470,0,0.075178795
2107,2,clean_serie2,13500,0,0.058257114
2108,2,clean_serie2,13530,0,0.042311896
2109,2,clean_serie2,13560,0,0.042495478
2110,2,clean_serie2,13590,0,0.042727653
2111,2,clean_serie2,13620,0,0.043417767
2112,2,clean_serie2,13650,0,0.046926055
2113,2,clean_serie2,13680,0,0.04805095
2114,2,clean_serie2,13710,0,0.047771353
2115,2,clean_serie2,13740,0,0.0481354
2116,2,clean_serie2,13770,0,0.045984298
2117,2,clean_serie2,13800,0,0.04448284
2118,2,clean_serie2,13830,0,0.04464469
2119,2,clean_serie2,13860,0,0.04343651
2120,2,clean_serie2,13890,0,0.04282147
2121,2,clean_serie2,13920,0,0.0446694
2122,2,clean_serie2,13950,0,0.04706659
2123,2,clean_serie2,13980,0,0.04747155
2124,2,clean_serie2,14010,0,0.04700886
2125,2,clean_serie2,14040,0,0.047252603
2126,2,clean_serie2,14070,0,0.06061882
2127,2,clean_serie2,14100,0,0.09309283
2128,2,clean_serie2,14130,1,0.13540095
2129,2,clean_serie2,14160,1,0.17269337
2130,2,clean_serie2,14190,1,0.18922505
2131,2,clean_serie2,14220,1,0.16443832
2132,2,clean_serie2,14250,1,0.12058917
2133,2,clean_serie2,14280,1,0.08550734
2134,2,clean_serie2,14310,1,0.06436091
2135,2,clean_serie2,14340,1,0.05863097
2136,2,clean_serie2,14370,1,0.06982892
2137,2,clean_serie2,14400,1,0.10666021
2138,2,clean_serie2,14430,1,0.1611886
2139,2,clean_serie2,14460,1,0.20969555
2140,2,clean_serie2,14490,1,0.21540713
2141,2,clean_serie2,14520,1,0.19732304
2142,2,clean_serie2,14550,1,0.15443416
2143,2,clean_serie2,14580,1,0.12886174
2144,2,clean_serie2,14610,1,0.13946936
2145,2,clean_serie2,14640,1,0.15518305
2146,2,clean_serie2,14670,1,0.16745095
2147,2,clean_serie2,14700,1,0.17908221
2148,2,clean_serie2,14730,1,0.16853379
2149,2,clean_serie2,14760,1,0.14362143
2150,2,clean_serie2,14790,1,0.12558047
2151,2,clean_serie2,14820,1,0.087913714
2152,2,clean_serie2,14850,1,0.07163169
2153,2,clean_serie2,14880,1,0.064522795
2154,2,clean_serie2,14910,0,0.054215144
2155,2,clean_serie2,14940,0,0.045621738
2156,2,clean_serie2,14970,0,0.042103946
2157,2,clean_serie2,15000,0,0.041953657
2158,2,clean_serie2,15030,0,0.045111325
2159,2,clean_serie2,15060,0,0.04760081
2160,2,clean_serie2,15090,0,0.047026098
2161,2,clean_serie2,15120,0,0.04627868
2162,2,clean_serie2,15150,0,0.042741474
2163,2,clean_serie2,15180,0,0.039660834
2164,2,clean_serie2,15210,0,0.039655026
2165,2,clean_serie2,15240,0,0.041449007
2166,2,clean_serie2,15270,0,0.042578507
2167,2,clean_serie2,15300,0,0.04331303
2168,2,clean_serie2,15330,0,0.044678252
2169,2,clean_serie2,15360,0,0.046080235
2170,2,clean_serie2,15390,0,0.052393373
2171,2,clean_serie2,15420,0,0.06843489
2172,2,clean_serie2,15450,1,0.08695931
2173,2,clean_serie2,15480,1,0.15121467
2174,2,clean_serie2,15510,1,0.25677124
2175,2,clean_serie2,15540,1,0.3304122
2176,2,clean_serie2,15570,1,0.35571754
2177,2,clean_serie2,15600,1,0.31009632
2178,2,clean_serie2,15630,1,0.2198084
2179,2,clean_serie2,15660,1,0.16434565
2180,2,clean_serie2,15690,1,0.13795283
2181,2,clean_serie2,15720,1,0.11974936
2182,2,clean_serie2,15750,1,0.099860474
2183,2,clean_serie2,15780,1,0.07011156
2184,2,clean_serie2,15810,1,0.055597648
2185,2,clean_serie2,15840,1,0.062259242
2186,2,clean_serie2,15870,1,0.081735864
2187,2,clean_serie2,15900,1,0.08809577
2188,2,clean_serie2,15930,1,0.09825949
2189,2,clean_serie2,15960,1,0.10008731
2190,2,clean_serie2,15990,1,0.08878324
2191,2,clean_serie2,16020,1,0.09046475
2192,2,clean_serie2,16050,1,0.086887054
2193,2,clean_serie2,16080,1,0.07843858
2194,2,clean_serie2,16110,1,0.07330121
2195,2,clean_serie2,16140,1,0.06632539
2196,2,clean_serie2,16170,1,0.06347712
2197,2,clean_serie2,16200,1,0.06451945
2198,2,clean_serie2,16230,1,0.074740104
2199,2,clean_serie2,16260,1,0.12642302
2200,2,clean_serie2,16290,1,0.16853929
2201,2,clean_serie2,16320,1,0.1745693
2202,2,clean_serie2,16350,1,0.18020374
2203,2,clean_serie2,16380,1,0.15858628
2204,2,clean_serie2,16410,1,0.17226362
2205,2,clean_serie2,16440,1,0.25682396
2206,2,clean_serie2,16470,1,0.2761618
2207,2,clean_serie2,16500,1,0.2652516
2208,2,clean_serie2,16530,1,0.2397495
2209,2,clean_serie2,16560,1,0.23202677
2210,2,clean_serie2,16590,1,0.2738486
2211,2,clean_serie2,16620,1,0.27094552
2212,2,clean_serie2,16650,1,0.23697144
2213,2,clean_serie2,16680,1,0.15341648
2214,2,clean_serie2,16710,1,0.08014052
2215,2,clean_serie2,16740,1,0.06810954
2216,2,clean_serie2,16770,1,0.060769882
2217,2,clean_serie2,16800,0,0.05680175
2218,2,clean_serie2,16830,0,0.06153194
2219,2,clean_serie2,16860,0,0.0688899
2220,2,clean_serie2,16890,0,0.08048853
2221,2,clean_serie2,16920,0,0.08562907
2222,2,clean_serie2,16950,0,0.08375711
2223,2,clean_serie2,16980,0,0.075771526
2224,2,clean_serie2,17010,0,0.06042595
2225,2,clean_serie2,17040,0,0.050610866
2226,2,clean_serie2,17070,0,0.046981003
2227,2,clean_serie2,17100,0,0.04395301
2228,2,clean_serie2,17130,0,0.045386862
2229,2,clean_serie2,17160,0,0.045180544
2230,2,clean_serie2,17190,0,0.043037094
2231,2,clean_serie2,17220,0,0.042406812
2232,2,clean_serie2,17250,0,0.041481424
2233,2,clean_serie2,17280,0,0.0406091
2234,2,clean_serie2,17310,0,0.04349276
2235,2,clean_serie2,17340,0,0.04473503
2236,2,clean_serie2,17370,0,0.047829386
2237,2,clean_serie2,17400,0,0.04763491
2238,2,clean_serie2,17430,0,0.045208972
2239,2,clean_serie2,17460,0,0.054827437
2240,2,clean_serie2,17490,0,0.07794119
2241,2,clean_serie2,17520,1,0.12947577
2242,2,clean_serie2,17550,1,0.19318055
2243,2,clean_serie2,17580,1,0.2563566
2244,2,clean_serie2,17610,1,0.30104667
2245,2,clean_serie2,17640,1,0.29830375
2246,2,clean_serie2,17670,1,0.24958146
2247,2,clean_serie2,17700,1,0.19597656
2248,2,clean_serie2,17730,1,0.15785858
2249,2,clean_serie2,17760,1,0.1328909
2250,2,clean_serie2,17790,1,0.15378748
2251,2,clean_serie2,17820,1,0.16153543
2252,2,clean_serie2,17850,1,0.15398344
2253,2,clean_serie2,17880,1,0.14384569
2254,2,clean_serie2,17910,1,0.12470103
2255,2,clean_serie2,17940,1,0.113904886
2256,2,clean_serie2,17970,1,0.109673135
2257,2,clean_serie2,18000,1,0.10193155
2258,2,clean_serie2,18030,1,0.12686783
2259,2,clean_serie2,18060,1,0.18018775
2260,2,clean_serie2,18090,1,0.21843877
2261,2,clean_serie2,18120,1,0.21912432
2262,2,clean_serie2,18150,1,0.18758541
2263,2,clean_serie2,18180,1,0.14698829
2264,2,clean_serie2,18210,1,0.13893886
2265,2,clean_serie2,18240,1,0.19120993
2266,2,clean_serie2,18270,1,0.20664084
2267,2,clean_serie2,18300,1,0.18742476
2268,2,clean_serie2,18330,1,0.14441055
2269,2,clean_serie2,18360,1,0.09388541
2270,2,clean_serie2,18390,1,0.08074529
2271,2,clean_serie2,18420,1,0.091429286
2272,2,clean_serie2,18450,1,0.0985319
2273,2,clean_serie2,18480,1,0.09991089
2274,2,clean_serie2,18510,1,0.09055217
2275,2,clean_serie2,18540,1,0.07851817
2276,2,clean_serie2,18570,1,0.06757839
2277,2,clean_serie2,18600,1,0.062005393
2278,2,clean_serie2,18630,1,0.06181352
2279,2,clean_serie2,18660,1,0.07149311
2280,2,clean_serie2,18690,1,0.10413805
2281,2,clean_serie2,18720,1,0.14854342
2282,2,clean_serie2,18750,1,0.20566757
2283,2,clean_serie2,18780,1,0.2519287
2284,2,clean_serie2,18810,1,0.27414295
2285,2,clean_serie2,18840,1,0.2778662
2286,2,clean_serie2,18870,1,0.22895198
2287,2,clean_serie2,18900,1,0.1810135
2288,2,clean_serie2,18930,1,0.12962677
2289,2,clean_serie2,18960,0,0.08741028
2290,2,clean_serie2,18990,0,0.070174664
2291,2,clean_serie2,19020,0,0.07166041
2292,2,clean_serie2,19050,0,0.06849195
2293,2,clean_serie2,19080,0,0.06462164
2294,2,clean_serie2,19110,0,0.060019556
2295,2,clean_serie2,19140,0,0.058995888
2296,2,clean_serie2,19170,0,0.05946754
2297,2,clean_serie2,19200,0,0.06124452
2298,2,clean_serie2,19230,0,0.061419614
2299,2,clean_serie2,19260,0,0.059752535
2300,2,clean_serie2,19290,0,0.056368884
2301,2,clean_serie2,19320,0,0.05347241
2302,2,clean_serie2,19350,0,0.052053455
2303,2,clean_serie2,19380,0,0.049301047
2304,2,clean_serie2,19410,0,0.048194654
2305,2,clean_serie2,19440,0,0.046665896
2306,2,clean_serie2,19470,0,0.044532165
2307,2,clean_serie2,19500,0,0.044355955
2308,2,clean_serie2,19530,0,0.0444228
2309,2,clean_serie2,19560,0,0.045884646
2310,2,clean_serie2,19590,0,0.047995795
2311,2,clean_serie2,19620,0,0.0498376
2312,2,clean_serie2,19650,0,0.05095214
2313,2,clean_serie2,19680,0,0.0538094
2314,2,clean_serie2,19710,0,0.062259305
2315,2,clean_serie2,19740,1,0.07961453
2316,2,clean_serie2,19770,1,0.11364224
2317,2,clean_serie2,19800,1,0.15318197
2318,2,clean_serie2,19830,1,0.19759606
2319,2,clean_serie2,19860,1,0.2555651
2320,2,clean_serie2,19890,1,0.25120667
2321,2,clean_serie2,19920,1,0.22033101
2322,2,clean_serie2,19950,1,0.1680508
2323,2,clean_serie2,19980,1,0.10704699
2324,2,clean_serie2,20010,1,0.09409925
2325,2,clean_serie2,20040,1,0.09777942
2326,2,clean_serie2,20070,1,0.11138608
2327,2,clean_serie2,20100,1,0.117889315
2328,2,clean_serie2,20130,1,0.113265105
2329,2,clean_serie2,20160,1,0.10059944
2330,2,clean_serie2,20190,1,0.0976562
2331,2,clean_serie2,20220,1,0.08418494
2332,2,clean_serie2,20250,1,0.071820565
2333,2,clean_serie2,20280,1,0.07761434
2334,2,clean_serie2,20310,1,0.102950886
2335,2,clean_serie2,20340,1,0.137372
2336,2,clean_serie2,20370,1,0.17167333
2337,2,clean_serie2,20400,1,0.17213003
2338,2,clean_serie2,20430,1,0.14469564
2339,2,clean_serie2,20460,1,0.12071836
2340,2,clean_serie2,20490,1,0.12631671
2341,2,clean_serie2,20520,1,0.16065794
2342,2,clean_serie2,20550,1,0.20156336
2343,2,clean_serie2,20580,1,0.19527574
2344,2,clean_serie2,20610,1,0.16219859
2345,2,clean_serie2,20640,1,0.12556037
2346,2,clean_serie2,20670,1,0.08549277
2347,2,clean_serie2,20700,1,0.08050721
2348,2,clean_serie2,20730,1,0.07534969
2349,2,clean_serie2,20760,1,0.12912126
2350,2,clean_serie2,20790,1,0.21251301
2351,2,clean_serie2,20820,1,0.3468286
2352,2,clean_serie2,20850,1,0.38255122
2353,2,clean_serie2,20880,1,0.34290802
2354,2,clean_serie2,20910,1,0.26551864
2355,2,clean_serie2,20940,1,0.12698837
2356,2,clean_serie2,20970,1,0.08485128
2357,2,clean_serie2,21000,1,0.08415901
2358,2,clean_serie2,21030,1,0.094523735
2359,2,clean_serie2,21060,1,0.104678705
2360,2,clean_serie2,21090,1,0.098485835
2361,2,clean_serie2,21120,1,0.088734016
2362,2,clean_serie2,21150,1,0.0684999
2363,2,clean_serie2,21180,0,0.053945683
2364,2,clean_serie2,21210,0,0.051852863
2365,2,clean_serie2,21240,0,0.050892837
2366,2,clean_serie2,21270,0,0.059412524
2367,2,clean_serie2,21300,0,0.06640303
2368,2,clean_serie2,21330,0,0.070118114
2369,2,clean_serie2,21360,0,0.06679549
2370,2,clean_serie2,21390,0,0.062239982
2371,2,clean_serie2,21420,0,0.061063975
2372,2,clean_serie2,21450,0,0.062648915
2373,2,clean_serie2,21480,0,0.07273253
2374,2,clean_serie2,21510,0,0.07936681
2375,2,clean_serie2,21540,0,0.078742966
2376,2,clean_serie2,21570,0,0.07891711
2377,2,clean_serie2,21600,0,0.084635794
2378,2,clean_serie2,21630,0,0.110670395
2379,2,clean_serie2,21660,1,0.14915505
2380,2,clean_serie2,21690,1,0.1699841
2381,2,clean_serie2,21720,1,0.2087816
2382,2,clean_serie2,21750,1,0.2595796
2383,2,clean_serie2,21780,1,0.3418594
2384,2,clean_serie2,21810,1,0.42821056
2385,2,clean_serie2,21840,1,0.51702976
2386,2,clean_serie2,21870,1,0.55507743
2387,2,clean_serie2,21900,1,0.49897513
2388,2,clean_serie2,21930,1,0.420982
2389,2,clean_serie2,21960,1,0.306884
2390,2,clean_serie2,21990,1,0.19236074
2391,2,clean_serie2,22020,1,0.1164391
2392,2,clean_serie2,22050,1,0.092756554
2393,2,clean_serie2,22080,1,0.079989806
2394,2,clean_serie2,22110,1,0.086861655
2395,2,clean_serie2,22140,1,0.09373706
2396,2,clean_serie2,22170,1,0.100215934
2397,2,clean_serie2,22200,1,0.14055295
2398,2,clean_serie2,22230,1,0.20051314
2399,2,clean_serie2,22260,1,0.239509
2400,2,clean_serie2,22290,1,0.23772255
2401,2,clean_serie2,22320,1,0.204923
2402,2,clean_serie2,22350,1,0.1360302
2403,2,clean_serie2,22380,1,0.078258835
2404,2,clean_serie2,22410,1,0.080071084
2405,2,clean_serie2,22440,1,0.112973504
2406,2,clean_serie2,22470,1,0.1740461
2407,2,clean_serie2,22500,1,0.22958468
2408,2,clean_serie2,22530,1,0.24416488
2409,2,clean_serie2,22560,1,0.21960106
2410,2,clean_serie2,22590,1,0.16362967
2411,2,clean_serie2,22620,1,0.09800499
2412,2,clean_serie2,22650,1,0.06781119
2413,2,clean_serie2,22680,1,0.063018255
2414,2,clean_serie2,22710,0,0.061854504
2415,2,clean_serie2,22740,0,0.059354942
2416,2,clean_serie2,22770,0,0.05993646
2417,2,clean_serie2,22800,0,0.07866883
2418,2,clean_serie2,22830,0,0.14780544
2419,2,clean_serie2,22860,1,0.25075522
2420,2,clean_serie2,22890,1,0.36257225
2421,2,clean_serie2,22920,1,0.3912245
2422,2,clean_serie2,22950,1,0.33790562
2423,2,clean_serie2,22980,1,0.23412076
2424,2,clean_serie2,23010,1,0.12416566
2425,2,clean_serie2,23040,0,0.07282341
2426,2,clean_serie2,23070,0,0.062176563
2427,2,clean_serie2,23100,0,0.06320843
2428,2,clean_serie2,23130,0,0.058129374
2429,2,clean_serie2,23160,0,0.054833233
2430,2,clean_serie2,23190,0,0.054610692
2431,2,clean_serie2,23220,0,0.053350378
2432,2,clean_serie2,23250,0,0.05620585
2433,2,clean_serie2,23280,0,0.058651302
2434,2,clean_serie2,23310,0,0.05979758
2435,2,clean_serie2,23340,0,0.061964024
2436,2,clean_serie2,23370,0,0.063500054
2437,2,clean_serie2,23400,0,0.06740379
2438,2,clean_serie2,23430,0,0.068118855
2439,2,clean_serie2,23460,0,0.06596925
2440,2,clean_serie2,23490,0,0.063075624
2441,2,clean_serie2,23520,0,0.0617882
2442,2,clean_serie2,23550,0,0.064268254
2443,2,clean_serie2,23580,0,0.07132705
2444,2,clean_serie2,23610,0,0.07660443
2445,2,clean_serie2,23640,0,0.07397929
2446,2,clean_serie2,23670,1,0.07319986
2447,2,clean_serie2,23700,1,0.06897583
2448,2,clean_serie2,23730,1,0.06686213
2449,2,clean_serie2,23760,1,0.06635446
2450,2,clean_serie2,23790,1,0.075979516
2451,2,clean_serie2,23820,1,0.08930421
2452,2,clean_serie2,23850,1,0.11416311
2453,2,clean_serie2,23880,1,0.15023063
2454,2,clean_serie2,23910,1,0.16133067
2455,2,clean_serie2,23940,1,0.15866745
2456,2,clean_serie2,23970,1,0.14133058
2457,2,clean_serie2,24000,1,0.12137215
2458,2,clean_serie2,24030,1,0.11767218
2459,2,clean_serie2,24060,1,0.13682117
2460,2,clean_serie2,24090,1,0.17604674
2461,2,clean_serie2,24120,1,0.18184337
2462,3,clean_serie21,0,1,0.1302287
2463,3,clean_serie21,30,1,0.1513521
2464,3,clean_serie21,60,1,0.19297704
2465,3,clean_serie21,90,1,0.216041
2466,3,clean_serie21,120,1,0.2184653
2467,3,clean_serie21,150,1,0.19171594
2468,3,clean_serie21,180,1,0.1475117
2469,3,clean_serie21,210,1,0.11628169
2470,3,clean_serie21,240,1,0.13328396
2471,3,clean_serie21,270,1,0.1694098
2472,3,clean_serie21,300,1,0.20803125
2473,3,clean_serie21,330,1,0.22867803
2474,3,clean_serie21,360,1,0.2108858
2475,3,clean_serie21,390,1,0.15750554
2476,3,clean_serie21,420,1,0.107685976
2477,3,clean_serie21,450,0,0.07166722
2478,3,clean_serie21,480,0,0.054710515
2479,3,clean_serie21,510,0,0.049506538
2480,3,clean_serie21,540,0,0.04884142
2481,3,clean_serie21,570,0,0.049175143
2482,3,clean_serie21,600,0,0.051604703
2483,3,clean_serie21,630,0,0.054441586
2484,3,clean_serie21,660,0,0.060056284
2485,3,clean_serie21,690,0,0.06467438
2486,3,clean_serie21,720,1,0.06563206
2487,3,clean_serie21,750,1,0.062111493
2488,3,clean_serie21,780,1,0.06045475
2489,3,clean_serie21,810,1,0.064285636
2490,3,clean_serie21,840,1,0.068055965
2491,3,clean_serie21,870,1,0.06783756
2492,3,clean_serie21,900,1,0.0669558
2493,3,clean_serie21,930,0,0.06359279
2494,3,clean_serie21,960,0,0.057853825
2495,3,clean_serie21,990,0,0.059390817
2496,3,clean_serie21,1020,0,0.060211614
2497,3,clean_serie21,1050,0,0.060991213
2498,3,clean_serie21,1080,1,0.0957376
2499,3,clean_serie21,1110,1,0.17893343
2500,3,clean_serie21,1140,1,0.2701954
2501,3,clean_serie21,1170,1,0.3145892
2502,3,clean_serie21,1200,1,0.3031945
2503,3,clean_serie21,1230,1,0.24903423
2504,3,clean_serie21,1260,1,0.215841
2505,3,clean_serie21,1290,1,0.219301
2506,3,clean_serie21,1320,1,0.22415233
2507,3,clean_serie21,1350,1,0.22153157
2508,3,clean_serie21,1380,1,0.19928858
2509,3,clean_serie21,1410,1,0.17441393
2510,3,clean_serie21,1440,1,0.16823207
2511,3,clean_serie21,1470,1,0.16054286
2512,3,clean_serie21,1500,1,0.14850749
2513,3,clean_serie21,1530,1,0.14242363
2514,3,clean_serie21,1560,1,0.1417632
2515,3,clean_serie21,1590,1,0.1419888
2516,3,clean_serie21,1620,1,0.13667776
2517,3,clean_serie21,1650,1,0.12802789
2518,3,clean_serie21,1680,1,0.12990347
2519,3,clean_serie21,1710,1,0.12861972
2520,3,clean_serie21,1740,1,0.1317632
2521,3,clean_serie21,1770,1,0.14728907
2522,3,clean_serie21,1800,1,0.16655736
2523,3,clean_serie21,1830,1,0.18428084
2524,3,clean_serie21,1860,1,0.18741223
2525,3,clean_serie21,1890,1,0.17737833
2526,3,clean_serie21,1920,1,0.1686806
2527,3,clean_serie21,1950,1,0.16337715
2528,3,clean_serie21,1980,1,0.158427
2529,3,clean_serie21,2010,1,0.14181522
2530,3,clean_serie21,2040,1,0.115142174
2531,3,clean_serie21,2070,1,0.09160109
2532,3,clean_serie21,2100,0,0.07121909
2533,3,clean_serie21,2130,0,0.063499376
2534,3,clean_serie21,2160,0,0.060067646
2535,3,clean_serie21,2190,0,0.053062003
2536,3,clean_serie21,2220,0,0.04983312
2537,3,clean_serie21,2250,0,0.0520861
2538,3,clean_serie21,2280,0,0.05448691
2539,3,clean_serie21,2310,0,0.054674618
2540,3,clean_serie21,2340,1,0.056811713
2541,3,clean_serie21,2370,0,0.056302402
2542,3,clean_serie21,2400,0,0.05390777
2543,3,clean_serie21,2430,0,0.05315204
2544,3,clean_serie21,2460,0,0.05321853
2545,3,clean_serie21,2490,0,0.05516979
2546,3,clean_serie21,2520,0,0.061612833
2547,3,clean_serie21,2550,0,0.064145416
2548,3,clean_serie21,2580,1,0.07836143
2549,3,clean_serie21,2610,1,0.15182604
2550,3,clean_serie21,2640,1,0.25603157
2551,3,clean_serie21,2670,1,0.35227117
2552,3,clean_serie21,2700,1,0.4219482
2553,3,clean_serie21,2730,1,0.43279496
2554,3,clean_serie21,2760,1,0.3985461
2555,3,clean_serie21,2790,1,0.38873336
2556,3,clean_serie21,2820,1,0.38059852
2557,3,clean_serie21,2850,1,0.3471998
2558,3,clean_serie21,2880,1,0.31169015
2559,3,clean_serie21,2910,1,0.2548653
2560,3,clean_serie21,2940,1,0.23492168
2561,3,clean_serie21,2970,1,0.23298055
2562,3,clean_serie21,3000,1,0.23842105
2563,3,clean_serie21,3030,1,0.21994479
2564,3,clean_serie21,3060,1,0.17586938
2565,3,clean_serie21,3090,1,0.12579112
2566,3,clean_serie21,3120,1,0.082834914
2567,3,clean_serie21,3150,0,0.066647895
2568,3,clean_serie21,3180,0,0.06577286
2569,3,clean_serie21,3210,0,0.07171314
2570,3,clean_serie21,3240,1,0.10493932
2571,3,clean_serie21,3270,1,0.16798519
2572,3,clean_serie21,3300,1,0.25166693
2573,3,clean_serie21,3330,1,0.35860336
2574,3,clean_serie21,3360,1,0.403829
2575,3,clean_serie21,3390,1,0.3933782
2576,3,clean_serie21,3420,1,0.3602183
2577,3,clean_serie21,3450,1,0.30429503
2578,3,clean_serie21,3480,1,0.27742982
2579,3,clean_serie21,3510,1,0.30043966
2580,3,clean_serie21,3540,1,0.33666497
2581,3,clean_serie21,3570,1,0.37473926
2582,3,clean_serie21,3600,1,0.38672382
2583,3,clean_serie21,3630,1,0.37154207
2584,3,clean_serie21,3660,1,0.32066146
2585,3,clean_serie21,3690,1,0.28708363
2586,3,clean_serie21,3720,1,0.27617195
2587,3,clean_serie21,3750,1,0.25115418
2588,3,clean_serie21,3780,1,0.24326167
2589,3,clean_serie21,3810,1,0.2368851
2590,3,clean_serie21,3840,1,0.2196864
2591,3,clean_serie21,3870,1,0.19276904
2592,3,clean_serie21,3900,1,0.16021766
2593,3,clean_serie21,3930,1,0.10954895
2594,3,clean_serie21,3960,1,0.06898669
2595,3,clean_serie21,3990,0,0.05993995
2596,3,clean_serie21,4020,0,0.055568084
2597,3,clean_serie21,4050,0,0.053499337
2598,3,clean_serie21,4080,0,0.05798732
2599,3,clean_serie21,4110,0,0.059356548
2600,3,clean_serie21,4140,0,0.061913427
2601,3,clean_serie21,4170,0,0.065664776
2602,3,clean_serie21,4200,0,0.0642019
2603,3,clean_serie21,4230,1,0.06460004
2604,3,clean_serie21,4260,1,0.06712027
2605,3,clean_serie21,4290,1,0.067431815
2606,3,clean_serie21,4320,1,0.07309392
2607,3,clean_serie21,4350,1,0.07151614
2608,3,clean_serie21,4380,0,0.06993673
2609,3,clean_serie21,4410,0,0.06767106
2610,3,clean_serie21,4440,0,0.0619359
2611,3,clean_serie21,4470,0,0.06614953
2612,3,clean_serie21,4500,0,0.07545376
2613,3,clean_serie21,4530,0,0.084279425
2614,3,clean_serie21,4560,1,0.087357946
2615,3,clean_serie21,4590,1,0.09721098
2616,3,clean_serie21,4620,1,0.15986332
2617,3,clean_serie21,4650,1,0.2586071
2618,3,clean_serie21,4680,1,0.32675716
2619,3,clean_serie21,4710,1,0.33760217
2620,3,clean_serie21,4740,1,0.27777544
2621,3,clean_serie21,4770,1,0.17309418
2622,3,clean_serie21,4800,1,0.104944214
2623,3,clean_serie21,4830,1,0.08815408
2624,3,clean_serie21,4860,1,0.07974774
2625,3,clean_serie21,4890,1,0.07667815
2626,3,clean_serie21,4920,1,0.07624205
2627,3,clean_serie21,4950,1,0.07204503
2628,3,clean_serie21,4980,1,0.069741145
2629,3,clean_serie21,5010,1,0.07173452
2630,3,clean_serie21,5040,1,0.070610076
2631,3,clean_serie21,5070,1,0.06837639
2632,3,clean_serie21,5100,1,0.069642365
2633,3,clean_serie21,5130,1,0.067526385
2634,3,clean_serie21,5160,0,0.064157695
2635,3,clean_serie21,5190,0,0.062283706
2636,3,clean_serie21,5220,0,0.061571795
2637,3,clean_serie21,5250,0,0.07503902
2638,3,clean_serie21,5280,1,0.10357344
2639,3,clean_serie21,5310,1,0.13087845
2640,3,clean_serie21,5340,1,0.1597981
2641,3,clean_serie21,5370,1,0.17635249
2642,3,clean_serie21,5400,1,0.18152295
2643,3,clean_serie21,5430,1,0.18243973
2644,3,clean_serie21,5460,1,0.21135004
2645,3,clean_serie21,5490,1,0.23370652
2646,3,clean_serie21,5520,1,0.21716031
2647,3,clean_serie21,5550,1,0.19961907
2648,3,clean_serie21,5580,1,0.15240188
2649,3,clean_serie21,5610,1,0.10781459
2650,3,clean_serie21,5640,1,0.09487909
2651,3,clean_serie21,5670,1,0.09066943
2652,3,clean_serie21,5700,1,0.09008676
2653,3,clean_serie21,5730,1,0.09193091
2654,3,clean_serie21,5760,1,0.08740176
2655,3,clean_serie21,5790,1,0.08100981
2656,3,clean_serie21,5820,1,0.08174351
2657,3,clean_serie21,5850,1,0.10323947
2658,3,clean_serie21,5880,1,0.14259464
2659,3,clean_serie21,5910,1,0.17247796
2660,3,clean_serie21,5940,1,0.19342764
2661,3,clean_serie21,5970,1,0.20414825
2662,3,clean_serie21,6000,1,0.18947291
2663,3,clean_serie21,6030,1,0.16759527
2664,3,clean_serie21,6060,1,0.14077842
2665,3,clean_serie21,6090,1,0.101075605
2666,3,clean_serie21,6120,1,0.072594434
2667,3,clean_serie21,6150,0,0.06401027
2668,3,clean_serie21,6180,0,0.06683428
2669,3,clean_serie21,6210,0,0.07020579
2670,3,clean_serie21,6240,0,0.0713271
2671,3,clean_serie21,6270,0,0.0680072
2672,3,clean_serie21,6300,0,0.06271186
2673,3,clean_serie21,6330,0,0.058362942
2674,3,clean_serie21,6360,0,0.057192575
2675,3,clean_serie21,6390,0,0.057217587
2676,3,clean_serie21,6420,0,0.05483459
2677,3,clean_serie21,6450,0,0.05259478
2678,3,clean_serie21,6480,0,0.05126152
2679,3,clean_serie21,6510,0,0.04957948
2680,3,clean_serie21,6540,0,0.05276827
2681,3,clean_serie21,6570,0,0.055616017
2682,3,clean_serie21,6600,1,0.060501017
2683,3,clean_serie21,6630,1,0.063746594
2684,3,clean_serie21,6660,1,0.07015553
2685,3,clean_serie21,6690,1,0.107776895
2686,3,clean_serie21,6720,1,0.17114547
2687,3,clean_serie21,6750,1,0.22333018
2688,3,clean_serie21,6780,1,0.25093347
2689,3,clean_serie21,6810,1,0.23675227
2690,3,clean_serie21,6840,1,0.18469362
2691,3,clean_serie21,6870,1,0.13973287
2692,3,clean_serie21,6900,1,0.10555363
2693,3,clean_serie21,6930,1,0.08269593
2694,3,clean_serie21,6960,1,0.070474446
2695,3,clean_serie21,6990,1,0.061482113
2696,3,clean_serie21,7020,1,0.057904776
2697,3,clean_serie21,7050,1,0.06014539
2698,3,clean_serie21,7080,1,0.061642665
2699,3,clean_serie21,7110,1,0.066373624
2700,3,clean_serie21,7140,0,0.06974945
2701,3,clean_serie21,7170,0,0.071156755
2702,3,clean_serie21,7200,1,0.071798645
2703,3,clean_serie21,7230,1,0.06642734
2704,3,clean_serie21,7260,1,0.062772036
2705,3,clean_serie21,7290,1,0.06997661
2706,3,clean_serie21,7320,1,0.10176578
2707,3,clean_serie21,7350,1,0.14212248
2708,3,clean_serie21,7380,1,0.18701011
2709,3,clean_serie21,7410,1,0.21959355
2710,3,clean_serie21,7440,1,0.20628451
2711,3,clean_serie21,7470,1,0.18050715
2712,3,clean_serie21,7500,1,0.14191163
2713,3,clean_serie21,7530,1,0.112628885
2714,3,clean_serie21,7560,1,0.1019834
2715,3,clean_serie21,7590,1,0.10306936
2716,3,clean_serie21,7620,1,0.10257492
2717,3,clean_serie21,7650,1,0.10178674
2718,3,clean_serie21,7680,1,0.10099112
2719,3,clean_serie21,7710,1,0.093977444
2720,3,clean_serie21,7740,1,0.08412955
2721,3,clean_serie21,7770,1,0.07654336
2722,3,clean_serie21,7800,1,0.08982347
2723,3,clean_serie21,7830,1,0.11187313
2724,3,clean_serie21,7860,1,0.1413958
2725,3,clean_serie21,7890,1,0.14976569
2726,3,clean_serie21,7920,1,0.13432452
2727,3,clean_serie21,7950,1,0.11978597
2728,3,clean_serie21,7980,1,0.122401886
2729,3,clean_serie21,8010,1,0.13895884
2730,3,clean_serie21,8040,1,0.14923672
2731,3,clean_serie21,8070,1,0.13289757
2732,3,clean_serie21,8100,1,0.10371267
2733,3,clean_serie21,8130,1,0.07827657
2734,3,clean_serie21,8160,0,0.061933093
2735,3,clean_serie21,8190,0,0.056336466
2736,3,clean_serie21,8220,0,0.05296098
2737,3,clean_serie21,8250,0,0.05060827
2738,3,clean_serie21,8280,0,0.05444013
2739,3,clean_serie21,8310,0,0.056769345
2740,3,clean_serie21,8340,0,0.059372216
2741,3,clean_serie21,8370,0,0.060885746
2742,3,clean_serie21,8400,0,0.060752463
2743,3,clean_serie21,8430,0,0.06643769
2744,3,clean_serie21,8460,1,0.08115569
2745,3,clean_serie21,8490,1,0.09054421
2746,3,clean_serie21,8520,1,0.09969315
2747,3,clean_serie21,8550,1,0.10077993
2748,3,clean_serie21,8580,1,0.08611647
2749,3,clean_serie21,8610,1,0.079646364
2750,3,clean_serie21,8640,1,0.07309783
2751,3,clean_serie21,8670,1,0.073319234
2752,3,clean_serie21,8700,1,0.07865186
2753,3,clean_serie21,8730,1,0.09105199
2754,3,clean_serie21,8760,1,0.13542269
2755,3,clean_serie21,8790,1,0.23101336
2756,3,clean_serie21,8820,1,0.34901115
2757,3,clean_serie21,8850,1,0.38221142
2758,3,clean_serie21,8880,1,0.38058856
2759,3,clean_serie21,8910,1,0.308984
2760,3,clean_serie21,8940,1,0.20789161
2761,3,clean_serie21,8970,1,0.17389068
2762,3,clean_serie21,9000,1,0.13276538
2763,3,clean_serie21,9030,1,0.10149355
2764,3,clean_serie21,9060,1,0.079333395
2765,3,clean_serie21,9090,0,0.06570679
2766,3,clean_serie21,9120,0,0.07226496
2767,3,clean_serie21,9150,1,0.08365963
2768,3,clean_serie21,9180,1,0.103366256
2769,3,clean_serie21,9210,1,0.14386088
2770,3,clean_serie21,9240,1,0.15971003
2771,3,clean_serie21,9270,1,0.15881962
2772,3,clean_serie21,9300,1,0.14442092
2773,3,clean_serie21,9330,1,0.114730224
2774,3,clean_serie21,9360,1,0.10597889
2775,3,clean_serie21,9390,1,0.10541442
2776,3,clean_serie21,9420,1,0.10178931
2777,3,clean_serie21,9450,1,0.092469625
2778,3,clean_serie21,9480,1,0.08273344
2779,3,clean_serie21,9510,1,0.08080837
2780,3,clean_serie21,9540,1,0.0893286
2781,3,clean_serie21,9570,1,0.09707406
2782,3,clean_serie21,9600,1,0.102268286
2783,3,clean_serie21,9630,1,0.1270942
2784,3,clean_serie21,9660,1,0.14781636
2785,3,clean_serie21,9690,1,0.16953465
2786,3,clean_serie21,9720,1,0.16662818
2787,3,clean_serie21,9750,1,0.13769874
2788,3,clean_serie21,9780,1,0.108414434
2789,3,clean_serie21,9810,1,0.08164818
2790,3,clean_serie21,9840,1,0.10100916
2791,3,clean_serie21,9870,1,0.14170074
2792,3,clean_serie21,9900,1,0.16465393
2793,3,clean_serie21,9930,1,0.16242765
2794,3,clean_serie21,9960,1,0.13794625
2795,3,clean_serie21,9990,1,0.0967514
2796,3,clean_serie21,10020,1,0.071557716
2797,3,clean_serie21,10050,1,0.07371566
2798,3,clean_serie21,10080,1,0.07347141
2799,3,clean_serie21,10110,1,0.07197881
2800,3,clean_serie21,10140,0,0.0646327
2801,3,clean_serie21,10170,0,0.058347587
2802,3,clean_serie21,10200,0,0.057849623
2803,3,clean_serie21,10230,0,0.06276548
2804,3,clean_serie21,10260,0,0.06882308
2805,3,clean_serie21,10290,0,0.07077423
2806,3,clean_serie21,10320,0,0.07122509
2807,3,clean_serie21,10350,0,0.07030519
2808,3,clean_serie21,10380,0,0.06653093
2809,3,clean_serie21,10410,1,0.06476228
2810,3,clean_serie21,10440,0,0.062222507
2811,3,clean_serie21,10470,0,0.057217713
2812,3,clean_serie21,10500,0,0.054343026
2813,3,clean_serie21,10530,0,0.055741616
2814,3,clean_serie21,10560,1,0.058739483
2815,3,clean_serie21,10590,1,0.07549797
2816,3,clean_serie21,10620,1,0.118424505
2817,3,clean_serie21,10650,1,0.15334284
2818,3,clean_serie21,10680,1,0.17588666
2819,3,clean_serie21,10710,1,0.19871135
2820,3,clean_serie21,10740,1,0.18922152
2821,3,clean_serie21,10770,1,0.18208957
2822,3,clean_serie21,10800,1,0.20398313
2823,3,clean_serie21,10830,1,0.21955882
2824,3,clean_serie21,10860,1,0.21108803
2825,3,clean_serie21,10890,1,0.20807591
2826,3,clean_serie21,10920,1,0.17550187
2827,3,clean_serie21,10950,1,0.13830838
2828,3,clean_serie21,10980,1,0.12903987
2829,3,clean_serie21,11010,1,0.11496828
2830,3,clean_serie21,11040,1,0.10938558
2831,3,clean_serie21,11070,1,0.109009884
2832,3,clean_serie21,11100,1,0.09561681
2833,3,clean_serie21,11130,1,0.092074476
2834,3,clean_serie21,11160,1,0.08167899
2835,3,clean_serie21,11190,1,0.07829027
2836,3,clean_serie21,11220,1,0.092466794
2837,3,clean_serie21,11250,1,0.1173621
2838,3,clean_serie21,11280,1,0.1560529
2839,3,clean_serie21,11310,1,0.1866292
2840,3,clean_serie21,11340,1,0.21171226
2841,3,clean_serie21,11370,1,0.22288312
2842,3,clean_serie21,11400,1,0.20414378
2843,3,clean_serie21,11430,1,0.17531243
2844,3,clean_serie21,11460,1,0.14216125
2845,3,clean_serie21,11490,1,0.099742256
2846,3,clean_serie21,11520,1,0.08978579
2847,3,clean_serie21,11550,1,0.10978688
2848,3,clean_serie21,11580,1,0.13470837
2849,3,clean_serie21,11610,1,0.16158526
2850,3,clean_serie21,11640,1,0.17222717
2851,3,clean_serie21,11670,1,0.16170993
2852,3,clean_serie21,11700,1,0.14953883
2853,3,clean_serie21,11730,1,0.124699645
2854,3,clean_serie21,11760,1,0.10668267
2855,3,clean_serie21,11790,0,0.08610975
2856,3,clean_serie21,11820,0,0.06484847
2857,3,clean_serie21,11850,0,0.059063893
2858,3,clean_serie21,11880,0,0.054413352
2859,3,clean_serie21,11910,0,0.05272003
2860,3,clean_serie21,11940,0,0.05500548
2861,3,clean_serie21,11970,0,0.059591357
2862,3,clean_serie21,12000,0,0.060373064
2863,3,clean_serie21,12030,0,0.060562123
2864,3,clean_serie21,12060,0,0.058889426
2865,3,clean_serie21,12090,0,0.054049097
2866,3,clean_serie21,12120,0,0.055388417
2867,3,clean_serie21,12150,0,0.05771584
2868,3,clean_serie21,12180,1,0.059322186
2869,3,clean_serie21,12210,1,0.06682384
2870,3,clean_serie21,12240,1,0.075659625
2871,3,clean_serie21,12270,1,0.07410724
2872,3,clean_serie21,12300,1,0.08001765
2873,3,clean_serie21,12330,1,0.086980194
2874,3,clean_serie21,12360,1,0.11694607
2875,3,clean_serie21,12390,1,0.19934976
2876,3,clean_serie21,12420,1,0.29516098
2877,3,clean_serie21,12450,1,0.3316586
2878,3,clean_serie21,12480,1,0.31617546
2879,3,clean_serie21,12510,1,0.24217728
2880,3,clean_serie21,12540,1,0.15352748
2881,3,clean_serie21,12570,1,0.11362069
2882,3,clean_serie21,12600,1,0.09672086
2883,3,clean_serie21,12630,1,0.09198356
2884,3,clean_serie21,12660,1,0.086755805
2885,3,clean_serie21,12690,1,0.07563602
2886,3,clean_serie21,12720,1,0.08314915
2887,3,clean_serie21,12750,1,0.11638332
2888,3,clean_serie21,12780,1,0.14408022
2889,3,clean_serie21,12810,1,0.16920164
2890,3,clean_serie21,12840,1,0.17522548
2891,3,clean_serie21,12870,1,0.15783043
2892,3,clean_serie21,12900,1,0.14315318
2893,3,clean_serie21,12930,1,0.13006897
2894,3,clean_serie21,12960,1,0.12160179
2895,3,clean_serie21,12990,1,0.11239469
2896,3,clean_serie21,13020,1,0.10802654
2897,3,clean_serie21,13050,1,0.101327114
2898,3,clean_serie21,13080,1,0.09916055
2899,3,clean_serie21,13110,1,0.0927117
2900,3,clean_serie21,13140,1,0.08349407
2901,3,clean_serie21,13170,1,0.08944028
2902,3,clean_serie21,13200,1,0.093848266
2903,3,clean_serie21,13230,1,0.092545964
2904,3,clean_serie21,13260,1,0.09098883
2905,3,clean_serie21,13290,1,0.080924824
2906,3,clean_serie21,13320,1,0.07808917
2907,3,clean_serie21,13350,1,0.08442321
2908,3,clean_serie21,13380,1,0.096683525
2909,3,clean_serie21,13410,1,0.10688937
2910,3,clean_serie21,13440,1,0.10838174
2911,3,clean_serie21,13470,1,0.10433825
2912,3,clean_serie21,13500,1,0.088218234
2913,3,clean_serie21,13530,1,0.07652107
2914,3,clean_serie21,13560,1,0.07862873
2915,3,clean_serie21,13590,1,0.09688427
2916,3,clean_serie21,13620,1,0.12643111
2917,3,clean_serie21,13650,1,0.15613295
2918,3,clean_serie21,13680,1,0.155156
2919,3,clean_serie21,13710,1,0.13314867
2920,3,clean_serie21,13740,1,0.10885005
2921,3,clean_serie21,13770,1,0.095291175
2922,3,clean_serie21,13800,1,0.11489901
2923,3,clean_serie21,13830,1,0.14946435
2924,3,clean_serie21,13860,1,0.15667729
2925,3,clean_serie21,13890,1,0.14939895
2926,3,clean_serie21,13920,1,0.111035384
2927,3,clean_serie21,13950,1,0.077662714
2928,3,clean_serie21,13980,0,0.06709003
2929,3,clean_serie21,14010,0,0.062021166
2930,3,clean_serie21,14040,1,0.060745995
2931,3,clean_serie21,14070,1,0.05964766
2932,3,clean_serie21,14100,1,0.062303014
2933,3,clean_serie21,14130,1,0.0711848
2934,3,clean_serie21,14160,1,0.08625913
2935,3,clean_serie21,14190,1,0.115611814
2936,3,clean_serie21,14220,1,0.1435382
2937,3,clean_serie21,14250,1,0.14440417
2938,3,clean_serie21,14280,1,0.12905742
2939,3,clean_serie21,14310,1,0.10212801
2940,3,clean_serie21,14340,1,0.07436345
2941,3,clean_serie21,14370,1,0.06721087
2942,3,clean_serie21,14400,1,0.06807121
2943,3,clean_serie21,14430,1,0.06440114
2944,3,clean_serie21,14460,1,0.05959821
2945,3,clean_serie21,14490,1,0.053117845
2946,3,clean_serie21,14520,1,0.05566946
2947,3,clean_serie21,14550,1,0.08787811
2948,3,clean_serie21,14580,1,0.15504764
2949,3,clean_serie21,14610,1,0.21618505
2950,3,clean_serie21,14640,1,0.2474168
2951,3,clean_serie21,14670,1,0.23116799
2952,3,clean_serie21,14700,1,0.18442135
2953,3,clean_serie21,14730,1,0.12983033
2954,3,clean_serie21,14760,1,0.10615586
2955,3,clean_serie21,14790,1,0.11401934
2956,3,clean_serie21,14820,1,0.12579519
2957,3,clean_serie21,14850,1,0.13377635
2958,3,clean_serie21,14880,1,0.12920883
2959,3,clean_serie21,14910,1,0.10434105
2960,3,clean_serie21,14940,1,0.08093091
2961,3,clean_serie21,14970,1,0.07212316
2962,3,clean_serie21,15000,1,0.069731355
2963,3,clean_serie21,15030,1,0.06896429
2964,3,clean_serie21,15060,1,0.07688745
2965,3,clean_serie21,15090,1,0.10662533
2966,3,clean_serie21,15120,1,0.1688818
2967,3,clean_serie21,15150,1,0.20342693
2968,3,clean_serie21,15180,1,0.21444026
2969,3,clean_serie21,15210,1,0.20032825
2970,3,clean_serie21,15240,1,0.15382169
2971,3,clean_serie21,15270,1,0.13565588
2972,3,clean_serie21,15300,1,0.12533051
2973,3,clean_serie21,15330,1,0.107764766
2974,3,clean_serie21,15360,1,0.095869996
2975,3,clean_serie21,15390,1,0.084140904
2976,3,clean_serie21,15420,1,0.07999631
2977,3,clean_serie21,15450,1,0.086795755
2978,3,clean_serie21,15480,1,0.09503467
2979,3,clean_serie21,15510,1,0.09500261
2980,3,clean_serie21,15540,1,0.092881866
2981,3,clean_serie21,15570,1,0.10855821
2982,3,clean_serie21,15600,1,0.13906138
2983,3,clean_serie21,15630,1,0.17830698
2984,3,clean_serie21,15660,1,0.19870156
2985,3,clean_serie21,15690,1,0.19083293
2986,3,clean_serie21,15720,1,0.16166572
2987,3,clean_serie21,15750,1,0.122910194
2988,3,clean_serie21,15780,1,0.11175827
2989,3,clean_serie21,15810,1,0.13045473
2990,3,clean_serie21,15840,1,0.15810858
2991,3,clean_serie21,15870,1,0.16251096
2992,3,clean_serie21,15900,1,0.14664294
2993,3,clean_serie21,15930,1,0.11167127
2994,3,clean_serie21,15960,1,0.07562513
2995,3,clean_serie21,15990,0,0.061862074
2996,3,clean_serie21,16020,0,0.059079017
2997,3,clean_serie21,16050,0,0.05976355
2998,3,clean_serie21,16080,0,0.057510484
2999,3,clean_serie21,16110,1,0.0566568
3000,3,clean_serie21,16140,1,0.057813376
3001,3,clean_serie21,16170,1,0.05614886
3002,3,clean_serie21,16200,1,0.058513653
3003,3,clean_serie21,16230,1,0.059718743
3004,3,clean_serie21,16260,1,0.058377456
3005,3,clean_serie21,16290,1,0.057035778
3006,3,clean_serie21,16320,1,0.056544203
3007,3,clean_serie21,16350,1,0.059069876
3008,3,clean_serie21,16380,1,0.062350355
3009,3,clean_serie21,16410,1,0.070487306
3010,3,clean_serie21,16440,1,0.07489821
3011,3,clean_serie21,16470,1,0.071610376
3012,3,clean_serie21,16500,1,0.06964403
3013,3,clean_serie21,16530,1,0.06362236
3014,3,clean_serie21,16560,1,0.071321175
3015,3,clean_serie21,16590,1,0.093930386
3016,3,clean_serie21,16620,1,0.16648674
3017,3,clean_serie21,16650,1,0.26295194
3018,3,clean_serie21,16680,1,0.316542
3019,3,clean_serie21,16710,1,0.3372141
3020,3,clean_serie21,16740,1,0.30134147
3021,3,clean_serie21,16770,1,0.2254232
3022,3,clean_serie21,16800,1,0.17076787
3023,3,clean_serie21,16830,1,0.14118561
3024,3,clean_serie21,16860,1,0.11809204
3025,3,clean_serie21,16890,1,0.113259554
3026,3,clean_serie21,16920,1,0.10911069
3027,3,clean_serie21,16950,1,0.10113597
3028,3,clean_serie21,16980,1,0.09084204
3029,3,clean_serie21,17010,1,0.07365988
3030,3,clean_serie21,17040,1,0.06621966
3031,3,clean_serie21,17070,1,0.063375905
3032,3,clean_serie21,17100,1,0.061128877
3033,3,clean_serie21,17130,1,0.06023248
3034,3,clean_serie21,17160,1,0.06510637
3035,3,clean_serie21,17190,1,0.09524142
3036,3,clean_serie21,17220,1,0.15036833
3037,3,clean_serie21,17250,1,0.18872634
3038,3,clean_serie21,17280,1,0.2120754
3039,3,clean_serie21,17310,1,0.19549522
3040,3,clean_serie21,17340,1,0.14852898
3041,3,clean_serie21,17370,1,0.1125749
3042,3,clean_serie21,17400,1,0.089311555
3043,3,clean_serie21,17430,1,0.08104419
3044,3,clean_serie21,17460,1,0.08566254
3045,3,clean_serie21,17490,1,0.09320493
3046,3,clean_serie21,17520,1,0.096345775
3047,3,clean_serie21,17550,1,0.09491636
3048,3,clean_serie21,17580,1,0.08712664
3049,3,clean_serie21,17610,1,0.08311064
3050,3,clean_serie21,17640,1,0.076177604
3051,3,clean_serie21,17670,1,0.06759026
3052,3,clean_serie21,17700,1,0.066160455
3053,3,clean_serie21,17730,0,0.06344099
3054,3,clean_serie21,17760,0,0.07766907
3055,3,clean_serie21,17790,0,0.09872978
3056,3,clean_serie21,17820,1,0.13178734
3057,3,clean_serie21,17850,1,0.15589687
3058,3,clean_serie21,17880,1,0.16352694
3059,3,clean_serie21,17910,1,0.14956674
3060,3,clean_serie21,17940,1,0.11782342
3061,3,clean_serie21,17970,1,0.13166702
3062,3,clean_serie21,18000,1,0.1723661
3063,3,clean_serie21,18030,1,0.20659482
3064,3,clean_serie21,18060,1,0.21130982
3065,3,clean_serie21,18090,1,0.17257127
3066,3,clean_serie21,18120,1,0.11086784
3067,3,clean_serie21,18150,1,0.06688631
3068,3,clean_serie21,18180,0,0.055193584
3069,3,clean_serie21,18210,0,0.054532904
3070,3,clean_serie21,18240,0,0.054432537
3071,3,clean_serie21,18270,0,0.056369748
3072,3,clean_serie21,18300,0,0.054390654
3073,3,clean_serie21,18330,0,0.054286536
3074,3,clean_serie21,18360,0,0.053914387
3075,3,clean_serie21,18390,0,0.054484654
3076,3,clean_serie21,18420,0,0.05844064
3077,3,clean_serie21,18450,0,0.061599184
3078,3,clean_serie21,18480,0,0.06468802
3079,3,clean_serie21,18510,0,0.06781559
3080,3,clean_serie21,18540,1,0.064520575
3081,3,clean_serie21,18570,0,0.062631555
3082,3,clean_serie21,18600,0,0.058706727
3083,3,clean_serie21,18630,0,0.052739464
3084,3,clean_serie21,18660,0,0.052047785
3085,3,clean_serie21,18690,0,0.05330323
3086,3,clean_serie21,18720,0,0.055010352
3087,3,clean_serie21,18750,0,0.05424576
3088,3,clean_serie21,18780,0,0.057457976
3089,3,clean_serie21,18810,0,0.08189612
3090,3,clean_serie21,18840,1,0.13051453
3091,3,clean_serie21,18870,1,0.21090662
3092,3,clean_serie21,18900,1,0.2946874
3093,3,clean_serie21,18930,1,0.35072342
3094,3,clean_serie21,18960,1,0.32046744
3095,3,clean_serie21,18990,1,0.26663646
3096,3,clean_serie21,19020,1,0.22126974
3097,3,clean_serie21,19050,1,0.18313019
3098,3,clean_serie21,19080,1,0.22847874
3099,3,clean_serie21,19110,1,0.2848414
3100,3,clean_serie21,19140,1,0.3061274
3101,3,clean_serie21,19170,1,0.30962536
3102,3,clean_serie21,19200,1,0.26540434
3103,3,clean_serie21,19230,1,0.2071421
3104,3,clean_serie21,19260,1,0.15817419
3105,3,clean_serie21,19290,1,0.12758908
3106,3,clean_serie21,19320,1,0.13611735
3107,3,clean_serie21,19350,1,0.16250086
3108,3,clean_serie21,19380,1,0.19933479
3109,3,clean_serie21,19410,1,0.22006725
3110,3,clean_serie21,19440,1,0.21033317
3111,3,clean_serie21,19470,1,0.19531539
3112,3,clean_serie21,19500,1,0.18981686
3113,3,clean_serie21,19530,1,0.20584084
3114,3,clean_serie21,19560,1,0.2122409
3115,3,clean_serie21,19590,1,0.21392913
3116,3,clean_serie21,19620,1,0.19070895
3117,3,clean_serie21,19650,1,0.15796104
3118,3,clean_serie21,19680,1,0.14341865
3119,3,clean_serie21,19710,1,0.13533555
3120,3,clean_serie21,19740,1,0.17375684
3121,3,clean_serie21,19770,1,0.23760529
3122,3,clean_serie21,19800,1,0.24798025
3123,3,clean_serie21,19830,1,0.22757934
3124,3,clean_serie21,19860,1,0.16908136
3125,3,clean_serie21,19890,1,0.087524764
3126,3,clean_serie21,19920,1,0.06590795
3127,3,clean_serie21,19950,0,0.063374914
3128,3,clean_serie21,19980,0,0.06135998
3129,3,clean_serie21,20010,0,0.06278478
3130,3,clean_serie21,20040,0,0.061184004
3131,3,clean_serie21,20070,0,0.060461186
3132,3,clean_serie21,20100,0,0.059914794
3133,3,clean_serie21,20130,0,0.059564736
3134,3,clean_serie21,20160,0,0.0610808
3135,3,clean_serie21,20190,0,0.060941212
3136,3,clean_serie21,20220,0,0.05925916
3137,3,clean_serie21,20250,0,0.057625007
3138,3,clean_serie21,20280,0,0.05638167
3139,3,clean_serie21,20310,0,0.05781708
3140,3,clean_serie21,20340,0,0.05652809
3141,3,clean_serie21,20370,0,0.055847287
3142,3,clean_serie21,20400,1,0.0564302
3143,3,clean_serie21,20430,1,0.05750694
3144,3,clean_serie21,20460,1,0.062238947
3145,3,clean_serie21,20490,1,0.06593081
3146,3,clean_serie21,20520,1,0.0872456
3147,3,clean_serie21,20550,1,0.15000725
3148,3,clean_serie21,20580,1,0.23231909
3149,3,clean_serie21,20610,1,0.2646928
3150,3,clean_serie21,20640,1,0.27082536
3151,3,clean_serie21,20670,1,0.22799765
3152,3,clean_serie21,20700,1,0.15701468
3153,3,clean_serie21,20730,1,0.11884608
3154,3,clean_serie21,20760,1,0.099631906
3155,3,clean_serie21,20790,1,0.07848668
3156,3,clean_serie21,20820,0,0.06964915
3157,3,clean_serie21,20850,0,0.073541574
3158,3,clean_serie21,20880,1,0.08067425
3159,3,clean_serie21,20910,1,0.08892491
3160,3,clean_serie21,20940,1,0.09363449
3161,3,clean_serie21,20970,1,0.09452241
3162,3,clean_serie21,21000,1,0.111204214
3163,3,clean_serie21,21030,1,0.14887795
3164,3,clean_serie21,21060,1,0.20039096
3165,3,clean_serie21,21090,1,0.27065468
3166,3,clean_serie21,21120,1,0.2857209
3167,3,clean_serie21,21150,1,0.26480055
3168,3,clean_serie21,21180,1,0.22633728
3169,3,clean_serie21,21210,1,0.17186071
3170,3,clean_serie21,21240,1,0.14498065
3171,3,clean_serie21,21270,1,0.12656954
3172,3,clean_serie21,21300,1,0.10316611
3173,3,clean_serie21,21330,1,0.08808455
3174,3,clean_serie21,21360,1,0.086403325
3175,3,clean_serie21,21390,1,0.087203115
3176,3,clean_serie21,21420,1,0.09435242
3177,3,clean_serie21,21450,1,0.09739602
3178,3,clean_serie21,21480,1,0.097323775
3179,3,clean_serie21,21510,1,0.10091475
3180,3,clean_serie21,21540,1,0.09858347
3181,3,clean_serie21,21570,1,0.096424386
3182,3,clean_serie21,21600,1,0.11046501
3183,3,clean_serie21,21630,1,0.1516806
3184,3,clean_serie21,21660,1,0.19169979
3185,3,clean_serie21,21690,1,0.20087537
3186,3,clean_serie21,21720,1,0.18420468
3187,3,clean_serie21,21750,1,0.14540842
3188,3,clean_serie21,21780,1,0.14305905
3189,3,clean_serie21,21810,1,0.17325737
3190,3,clean_serie21,21840,1,0.20403254
3191,3,clean_serie21,21870,1,0.19979419
3192,3,clean_serie21,21900,1,0.15984765
3193,3,clean_serie21,21930,1,0.11134397
3194,3,clean_serie21,21960,1,0.07240666
3195,3,clean_serie21,21990,0,0.061577447
3196,3,clean_serie21,22020,0,0.059080493
3197,3,clean_serie21,22050,0,0.05413723
3198,3,clean_serie21,22080,0,0.05141227
3199,3,clean_serie21,22110,0,0.052722253
3200,3,clean_serie21,22140,0,0.057008184
3201,3,clean_serie21,22170,0,0.05955628
3202,3,clean_serie21,22200,0,0.060748838
3203,3,clean_serie21,22230,0,0.0574399
3204,3,clean_serie21,22260,0,0.05663208
3205,3,clean_serie21,22290,0,0.057007402
3206,3,clean_serie21,22320,0,0.056658108
3207,3,clean_serie21,22350,0,0.061435726
3208,3,clean_serie21,22380,0,0.057133727
3209,3,clean_serie21,22410,0,0.054260913
3210,3,clean_serie21,22440,0,0.05273831
3211,3,clean_serie21,22470,0,0.053253815
3212,3,clean_serie21,22500,0,0.056425966
3213,3,clean_serie21,22530,1,0.074147426
3214,3,clean_serie21,22560,1,0.12733957
3215,3,clean_serie21,22590,1,0.21786143
3216,3,clean_serie21,22620,1,0.3077918
3217,3,clean_serie21,22650,1,0.33693093
3218,3,clean_serie21,22680,1,0.31920078
3219,3,clean_serie21,22710,1,0.25019404
3220,3,clean_serie21,22740,1,0.16331127
3221,3,clean_serie21,22770,1,0.124072835
3222,3,clean_serie21,22800,1,0.09334549
3223,3,clean_serie21,22830,1,0.07787478
3224,3,clean_serie21,22860,1,0.07152916
3225,3,clean_serie21,22890,1,0.07336114
3226,3,clean_serie21,22920,1,0.075891085
3227,3,clean_serie21,22950,1,0.091492794
3228,3,clean_serie21,22980,1,0.1334529
3229,3,clean_serie21,23010,1,0.17717011
3230,3,clean_serie21,23040,1,0.20109215
3231,3,clean_serie21,23070,1,0.19900717
3232,3,clean_serie21,23100,1,0.16647883
3233,3,clean_serie21,23130,1,0.1370773
3234,3,clean_serie21,23160,1,0.12457438
3235,3,clean_serie21,23190,1,0.12710315
3236,3,clean_serie21,23220,1,0.122856215
3237,3,clean_serie21,23250,1,0.11696298
3238,3,clean_serie21,23280,1,0.098151796
3239,3,clean_serie21,23310,1,0.07939481
3240,3,clean_serie21,23340,1,0.0688097
3241,3,clean_serie21,23370,1,0.06446255
3242,3,clean_serie21,23400,1,0.06296019
3243,3,clean_serie21,23430,1,0.071250014
3244,3,clean_serie21,23460,1,0.08215357
3245,3,clean_serie21,23490,1,0.08401037
3246,3,clean_serie21,23520,1,0.09601933
3247,3,clean_serie21,23550,1,0.112232424
3248,3,clean_serie21,23580,1,0.14514472
3249,3,clean_serie21,23610,1,0.1880738
3250,3,clean_serie21,23640,1,0.21477617
3251,3,clean_serie21,23670,1,0.22112407
3252,3,clean_serie21,23700,1,0.19001247
3253,3,clean_serie21,23730,1,0.15332018
3254,3,clean_serie21,23760,1,0.12717988
3255,3,clean_serie21,23790,1,0.10539307
3256,3,clean_serie21,23820,1,0.09591864
3257,3,clean_serie21,23850,1,0.08177726
3258,3,clean_serie21,23880,1,0.0755676
3259,3,clean_serie21,23910,1,0.087304704
3260,3,clean_serie21,23940,1,0.11226908
3261,3,clean_serie21,23970,1,0.13441259
3262,3,clean_serie21,24000,1,0.13622773
3263,3,clean_serie21,24030,1,0.118587226
3264,3,clean_serie21,24060,1,0.09325255
3265,3,clean_serie21,24090,1,0.074573666
3266,3,clean_serie21,24120,1,0.07266743
3267,3,clean_serie21,24150,1,0.07015668
3268,3,clean_serie21,24180,0,0.06704216
3269,3,clean_serie21,24210,0,0.0636414
3270,3,clean_serie21,24240,0,0.062719174
3271,3,clean_serie21,24270,0,0.06555283
3272,3,clean_serie21,24300,0,0.067488015
3273,3,clean_serie21,24330,0,0.07290372
3274,3,clean_serie21,24360,0,0.07172757
3275,3,clean_serie21,24390,0,0.06798556
3276,3,clean_serie21,24420,0,0.06536806
3277,3,clean_serie21,24450,0,0.061506066
3278,3,clean_serie21,24480,0,0.063805394
3279,3,clean_serie21,24510,0,0.07691524
3280,3,clean_serie21,24540,1,0.08691497
3281,3,clean_serie21,24570,1,0.09285004
3282,3,clean_serie21,24600,1,0.09690351
3283,3,clean_serie21,24630,1,0.118146054
3284,3,clean_serie21,24660,1,0.16143985
3285,3,clean_serie21,24690,1,0.22266515
3286,3,clean_serie21,24720,1,0.26966527
3287,3,clean_serie21,24750,1,0.25730166
3288,3,clean_serie21,24780,1,0.22164488
3289,3,clean_serie21,24810,1,0.17442219
3290,3,clean_serie21,24840,1,0.14831607
3291,3,clean_serie21,24870,1,0.15429573
3292,3,clean_serie21,24900,1,0.14797544
3293,3,clean_serie21,24930,1,0.14137052
3294,3,clean_serie21,24960,1,0.15377371
3295,4,clean_serie3,0,1,0.46821767
3296,4,clean_serie3,30,1,0.32382625
3297,4,clean_serie3,60,1,0.23622444
3298,4,clean_serie3,90,1,0.22540964
3299,4,clean_serie3,120,1,0.31607616
3300,4,clean_serie3,150,1,0.41238222
3301,4,clean_serie3,180,1,0.50004864
3302,4,clean_serie3,210,1,0.5078427
3303,4,clean_serie3,240,1,0.41455114
3304,4,clean_serie3,270,1,0.3156962
3305,4,clean_serie3,300,1,0.21489774
3306,4,clean_serie3,330,1,0.17506401
3307,4,clean_serie3,360,1,0.18833728
3308,4,clean_serie3,390,1,0.20150904
3309,4,clean_serie3,420,1,0.21396968
3310,4,clean_serie3,450,1,0.2382488
3311,4,clean_serie3,480,1,0.2845949
3312,4,clean_serie3,510,1,0.37262785
3313,4,clean_serie3,540,1,0.5054371
3314,4,clean_serie3,570,1,0.54362607
3315,4,clean_serie3,600,1,0.542795
3316,4,clean_serie3,630,1,0.55301666
3317,4,clean_serie3,660,1,0.5394417
3318,4,clean_serie3,690,1,0.5903302
3319,4,clean_serie3,720,1,0.6751646
3320,4,clean_serie3,750,1,0.7528266
3321,4,clean_serie3,780,1,0.7285999
3322,4,clean_serie3,810,1,0.74573046
3323,4,clean_serie3,840,1,0.71572584
3324,4,clean_serie3,870,1,0.6690696
3325,4,clean_serie3,900,1,0.71066344
3326,4,clean_serie3,930,1,0.7699618
3327,4,clean_serie3,960,1,0.74760175
3328,4,clean_serie3,990,1,0.63921404
3329,4,clean_serie3,1020,1,0.49148503
3330,4,clean_serie3,1050,1,0.3043337
3331,4,clean_serie3,1080,1,0.1483179
3332,4,clean_serie3,1110,1,0.10536218
3333,4,clean_serie3,1140,1,0.08495316
3334,4,clean_serie3,1170,1,0.08349826
3335,4,clean_serie3,1200,1,0.085546896
3336,4,clean_serie3,1230,1,0.08761016
3337,4,clean_serie3,1260,1,0.085837804
3338,4,clean_serie3,1290,1,0.08465862
3339,4,clean_serie3,1320,1,0.1117747
3340,4,clean_serie3,1350,1,0.23044148
3341,4,clean_serie3,1380,1,0.445248
3342,4,clean_serie3,1410,1,0.6466152
3343,4,clean_serie3,1440,1,0.73224187
3344,4,clean_serie3,1470,1,0.6898156
3345,4,clean_serie3,1500,1,0.52672297
3346,4,clean_serie3,1530,1,0.35397863
3347,4,clean_serie3,1560,1,0.2716212
3348,4,clean_serie3,1590,1,0.21765453
3349,4,clean_serie3,1620,1,0.17685714
3350,4,clean_serie3,1650,1,0.15055954
3351,4,clean_serie3,1680,1,0.12820631
3352,4,clean_serie3,1710,1,0.12123202
3353,4,clean_serie3,1740,1,0.12677857
3354,4,clean_serie3,1770,1,0.13455118
3355,4,clean_serie3,1800,1,0.15955287
3356,4,clean_serie3,1830,1,0.20521452
3357,4,clean_serie3,1860,1,0.26267555
3358,4,clean_serie3,1890,1,0.31256407
3359,4,clean_serie3,1920,1,0.32761815
3360,4,clean_serie3,1950,1,0.30998442
3361,4,clean_serie3,1980,1,0.26522595
3362,4,clean_serie3,2010,1,0.21811262
3363,4,clean_serie3,2040,1,0.18192731
3364,4,clean_serie3,2070,1,0.15526804
3365,4,clean_serie3,2100,1,0.1367878
3366,4,clean_serie3,2130,1,0.15326427
3367,4,clean_serie3,2160,1,0.19788623
3368,4,clean_serie3,2190,1,0.21917704
3369,4,clean_serie3,2220,1,0.2902635
3370,4,clean_serie3,2250,1,0.37074307
3371,4,clean_serie3,2280,1,0.37134835
3372,4,clean_serie3,2310,1,0.35327682
3373,4,clean_serie3,2340,1,0.26840493
3374,4,clean_serie3,2370,1,0.14266874
3375,4,clean_serie3,2400,1,0.085579805
3376,4,clean_serie3,2430,1,0.073371835
3377,4,clean_serie3,2460,1,0.07580928
3378,4,clean_serie3,2490,1,0.07810938
3379,4,clean_serie3,2520,1,0.085668415
3380,4,clean_serie3,2550,1,0.09136558
3381,4,clean_serie3,2580,1,0.08701152
3382,4,clean_serie3,2610,1,0.08706012
3383,4,clean_serie3,2640,1,0.0793682
3384,4,clean_serie3,2670,1,0.07653625
3385,4,clean_serie3,2700,1,0.07716759
3386,4,clean_serie3,2730,1,0.07633398
3387,4,clean_serie3,2760,1,0.074868344
3388,4,clean_serie3,2790,1,0.07339844
3389,4,clean_serie3,2820,1,0.073031984
3390,4,clean_serie3,2850,1,0.078120016
3391,4,clean_serie3,2880,1,0.120945066
3392,4,clean_serie3,2910,1,0.21181935
3393,4,clean_serie3,2940,1,0.33151683
3394,4,clean_serie3,2970,1,0.43836758
3395,4,clean_serie3,3000,1,0.47443318
3396,4,clean_serie3,3030,1,0.44369507
3397,4,clean_serie3,3060,1,0.3499448
3398,4,clean_serie3,3090,1,0.25727054
3399,4,clean_serie3,3120,1,0.18836364
3400,4,clean_serie3,3150,1,0.14402725
3401,4,clean_serie3,3180,1,0.13291684
3402,4,clean_serie3,3210,1,0.13262667
3403,4,clean_serie3,3240,1,0.12726475
3404,4,clean_serie3,3270,1,0.13684043
3405,4,clean_serie3,3300,1,0.16393715
3406,4,clean_serie3,3330,1,0.18087293
3407,4,clean_serie3,3360,1,0.19456752
3408,4,clean_serie3,3390,1,0.19130321
3409,4,clean_serie3,3420,1,0.18080907
3410,4,clean_serie3,3450,1,0.22351664
3411,4,clean_serie3,3480,1,0.3284075
3412,4,clean_serie3,3510,1,0.44963303
3413,4,clean_serie3,3540,1,0.6082506
3414,4,clean_serie3,3570,1,0.6685408
3415,4,clean_serie3,3600,1,0.7053681
3416,4,clean_serie3,3630,1,0.70698345
3417,4,clean_serie3,3660,1,0.6284146
3418,4,clean_serie3,3690,1,0.64229125
3419,4,clean_serie3,3720,1,0.61887825
3420,4,clean_serie3,3750,1,0.5956011
3421,4,clean_serie3,3780,1,0.56755054
3422,4,clean_serie3,3810,1,0.5037674
3423,4,clean_serie3,3840,1,0.4551119
3424,4,clean_serie3,3870,1,0.40194878
3425,4,clean_serie3,3900,1,0.37309992
3426,4,clean_serie3,3930,1,0.44671133
3427,4,clean_serie3,3960,1,0.5693695
3428,4,clean_serie3,3990,1,0.63564503
3429,4,clean_serie3,4020,1,0.6359872
3430,4,clean_serie3,4050,1,0.5196982
3431,4,clean_serie3,4080,1,0.34927428
3432,4,clean_serie3,4110,1,0.2348659
3433,4,clean_serie3,4140,1,0.19806077
3434,4,clean_serie3,4170,1,0.16787429
3435,4,clean_serie3,4200,1,0.14138643
3436,4,clean_serie3,4230,1,0.1268141
3437,4,clean_serie3,4260,1,0.10487445
3438,4,clean_serie3,4290,1,0.093290366
3439,4,clean_serie3,4320,1,0.087047614
3440,4,clean_serie3,4350,1,0.08749214
3441,4,clean_serie3,4380,1,0.084915474
3442,4,clean_serie3,4410,1,0.08135286
3443,4,clean_serie3,4440,1,0.083028294
3444,4,clean_serie3,4470,1,0.09090047
3445,4,clean_serie3,4500,1,0.10080689
3446,4,clean_serie3,4530,1,0.1066088
3447,4,clean_serie3,4560,1,0.10785348
3448,4,clean_serie3,4590,1,0.10814535
3449,4,clean_serie3,4620,1,0.14573412
3450,4,clean_serie3,4650,1,0.2346462
3451,4,clean_serie3,4680,1,0.32277444
3452,4,clean_serie3,4710,1,0.38606358
3453,4,clean_serie3,4740,1,0.4376877
3454,4,clean_serie3,4770,1,0.48979726
3455,4,clean_serie3,4800,1,0.5128882
3456,4,clean_serie3,4830,1,0.46590728
3457,4,clean_serie3,4860,1,0.3918736
3458,4,clean_serie3,4890,1,0.2598472
3459,4,clean_serie3,4920,1,0.16517904
3460,4,clean_serie3,4950,1,0.158977
3461,4,clean_serie3,4980,1,0.15963091
3462,4,clean_serie3,5010,1,0.146153
3463,4,clean_serie3,5040,1,0.12164608
3464,4,clean_serie3,5070,1,0.10963519
3465,4,clean_serie3,5100,1,0.122754365
3466,4,clean_serie3,5130,1,0.16454285
3467,4,clean_serie3,5160,1,0.21696615
3468,4,clean_serie3,5190,1,0.24917297
3469,4,clean_serie3,5220,1,0.24959812
3470,4,clean_serie3,5250,1,0.22295232
3471,4,clean_serie3,5280,1,0.18871321
3472,4,clean_serie3,5310,1,0.17437375
3473,4,clean_serie3,5340,1,0.18167897
3474,4,clean_serie3,5370,1,0.1883176
3475,4,clean_serie3,5400,1,0.19268572
3476,4,clean_serie3,5430,1,0.19940405
3477,4,clean_serie3,5460,1,0.20324343
3478,4,clean_serie3,5490,1,0.19717015
3479,4,clean_serie3,5520,1,0.20126238
3480,4,clean_serie3,5550,1,0.19017644
3481,4,clean_serie3,5580,1,0.17541812
3482,4,clean_serie3,5610,1,0.18167561
3483,4,clean_serie3,5640,1,0.20204878
3484,4,clean_serie3,5670,1,0.31379068
3485,4,clean_serie3,5700,1,0.47887507
3486,4,clean_serie3,5730,1,0.55331206
3487,4,clean_serie3,5760,1,0.5391775
3488,4,clean_serie3,5790,1,0.42671022
3489,4,clean_serie3,5820,1,0.25352883
3490,4,clean_serie3,5850,1,0.14828481
3491,4,clean_serie3,5880,1,0.12037623
3492,4,clean_serie3,5910,1,0.10000729
3493,4,clean_serie3,5940,1,0.09026328
3494,4,clean_serie3,5970,1,0.0913744
3495,4,clean_serie3,6000,1,0.099157296
3496,4,clean_serie3,6030,1,0.11278615
3497,4,clean_serie3,6060,1,0.116373494
3498,4,clean_serie3,6090,1,0.11247698
3499,4,clean_serie3,6120,1,0.10166616
3500,4,clean_serie3,6150,1,0.09643067
3501,4,clean_serie3,6180,1,0.093771785
3502,4,clean_serie3,6210,1,0.09316723
3503,4,clean_serie3,6240,1,0.09692505
3504,4,clean_serie3,6270,1,0.09401462
3505,4,clean_serie3,6300,1,0.10093066
3506,4,clean_serie3,6330,1,0.09966425
3507,4,clean_serie3,6360,1,0.09768946
3508,4,clean_serie3,6390,1,0.09259095
3509,4,clean_serie3,6420,1,0.09205461
3510,4,clean_serie3,6450,1,0.10125232
3511,4,clean_serie3,6480,1,0.13319524
3512,4,clean_serie3,6510,1,0.19466463
3513,4,clean_serie3,6540,1,0.29693195
3514,4,clean_serie3,6570,1,0.41928002
3515,4,clean_serie3,6600,1,0.47898138
3516,4,clean_serie3,6630,1,0.48869568
3517,4,clean_serie3,6660,1,0.46733683
3518,4,clean_serie3,6690,1,0.39064556
3519,4,clean_serie3,6720,1,0.33262593
3520,4,clean_serie3,6750,1,0.26647222
3521,4,clean_serie3,6780,1,0.19325437
3522,4,clean_serie3,6810,1,0.15986533
3523,4,clean_serie3,6840,1,0.14222278
3524,4,clean_serie3,6870,1,0.17188436
3525,4,clean_serie3,6900,1,0.20111714
3526,4,clean_serie3,6930,1,0.2384527
3527,4,clean_serie3,6960,1,0.3136098
3528,4,clean_serie3,6990,1,0.4078975
3529,4,clean_serie3,7020,1,0.4746717
3530,4,clean_serie3,7050,1,0.4534231
3531,4,clean_serie3,7080,1,0.40556127
3532,4,clean_serie3,7110,1,0.32042998
3533,4,clean_serie3,7140,1,0.25416902
3534,4,clean_serie3,7170,1,0.23520762
3535,4,clean_serie3,7200,1,0.23093435
3536,4,clean_serie3,7230,1,0.21293038
3537,4,clean_serie3,7260,1,0.18091522
3538,4,clean_serie3,7290,1,0.1830124
3539,4,clean_serie3,7320,1,0.20881109
3540,4,clean_serie3,7350,1,0.3308934
3541,4,clean_serie3,7380,1,0.5504878
3542,4,clean_serie3,7410,1,0.6376386
3543,4,clean_serie3,7440,1,0.6174273
3544,4,clean_serie3,7470,1,0.47586313
3545,4,clean_serie3,7500,1,0.27416065
3546,4,clean_serie3,7530,1,0.14878385
3547,4,clean_serie3,7560,1,0.1147224
3548,4,clean_serie3,7590,1,0.10113027
3549,4,clean_serie3,7620,1,0.08318565
3550,4,clean_serie3,7650,0,0.07261495
3551,4,clean_serie3,7680,0,0.07220484
3552,4,clean_serie3,7710,0,0.07450133
3553,4,clean_serie3,7740,0,0.077059425
3554,4,clean_serie3,7770,1,0.07572793
3555,4,clean_serie3,7800,1,0.073317096
3556,4,clean_serie3,7830,1,0.07303238
3557,4,clean_serie3,7860,1,0.073016636
3558,4,clean_serie3,7890,1,0.07919937
3559,4,clean_serie3,7920,1,0.083812445
3560,4,clean_serie3,7950,1,0.0829393
3561,4,clean_serie3,7980,1,0.08201731
3562,4,clean_serie3,8010,0,0.077595435
3563,4,clean_serie3,8040,0,0.072197914
3564,4,clean_serie3,8070,1,0.07119138
3565,4,clean_serie3,8100,1,0.07735493
3566,4,clean_serie3,8130,1,0.12223017
3567,4,clean_serie3,8160,1,0.20803668
3568,4,clean_serie3,8190,1,0.3059832
3569,4,clean_serie3,8220,1,0.43828058
3570,4,clean_serie3,8250,1,0.96068126
3571,4,clean_serie3,8280,1,1.583111
3572,4,clean_serie3,8310,1,1.9650749
3573,4,clean_serie3,8340,1,2.008182
3574,4,clean_serie3,8370,1,1.7207971
3575,4,clean_serie3,8400,1,1.326044
3576,4,clean_serie3,8430,1,0.8897367
3577,4,clean_serie3,8460,1,0.74242634
3578,4,clean_serie3,8490,1,0.47086385
3579,4,clean_serie3,8520,1,0.17716575
3580,4,clean_serie3,8550,1,0.11223462
3581,4,clean_serie3,8580,1,0.14466698
3582,4,clean_serie3,8610,1,0.24192843
3583,4,clean_serie3,8640,1,0.30596945
3584,4,clean_serie3,8670,1,0.38386565
3585,4,clean_serie3,8700,1,0.4247838
3586,4,clean_serie3,8730,1,0.36014983
3587,4,clean_serie3,8760,1,0.31635094
3588,4,clean_serie3,8790,1,0.32175368
3589,4,clean_serie3,8820,1,0.41733617
3590,4,clean_serie3,8850,1,0.5135199
3591,4,clean_serie3,8880,1,0.56467855
3592,4,clean_serie3,8910,1,0.5725675
3593,4,clean_serie3,8940,1,0.46524557
3594,4,clean_serie3,8970,1,0.42600185
3595,4,clean_serie3,9000,1,0.49122146
3596,4,clean_serie3,9030,1,0.5694575
3597,4,clean_serie3,9060,1,0.63313824
3598,4,clean_serie3,9090,1,0.6485052
3599,4,clean_serie3,9120,1,0.60947967
3600,4,clean_serie3,9150,1,0.55106485
3601,4,clean_serie3,9180,1,0.45835704
3602,4,clean_serie3,9210,1,0.3636262
3603,4,clean_serie3,9240,1,0.27764222
3604,4,clean_serie3,9270,1,0.21198107
3605,4,clean_serie3,9300,1,0.20260789
3606,4,clean_serie3,9330,1,0.2795058
3607,4,clean_serie3,9360,1,0.488373
3608,4,clean_serie3,9390,1,0.7515309
3609,4,clean_serie3,9420,1,0.8365365
3610,4,clean_serie3,9450,1,0.7776096
3611,4,clean_serie3,9480,1,0.55694634
3612,4,clean_serie3,9510,1,0.3035919
3613,4,clean_serie3,9540,1,0.16941467
3614,4,clean_serie3,9570,1,0.13456494
3615,4,clean_serie3,9600,1,0.110273615
3616,4,clean_serie3,9630,1,0.0900227
3617,4,clean_serie3,9660,1,0.08748417
3618,4,clean_serie3,9690,1,0.103334695
3619,4,clean_serie3,9720,1,0.124469034
3620,4,clean_serie3,9750,1,0.13418649
3621,4,clean_serie3,9780,1,0.12478293
3622,4,clean_serie3,9810,1,0.105052665
3623,4,clean_serie3,9840,1,0.081160344
3624,4,clean_serie3,9870,1,0.06846817
3625,4,clean_serie3,9900,1,0.066353045
3626,4,clean_serie3,9930,1,0.066567354
3627,4,clean_serie3,9960,1,0.06695665
3628,4,clean_serie3,9990,1,0.06867139
3629,4,clean_serie3,10020,1,0.066936776
3630,4,clean_serie3,10050,1,0.07131753
3631,4,clean_serie3,10080,1,0.076630734
3632,4,clean_serie3,10110,1,0.0750763
3633,4,clean_serie3,10140,1,0.09485662
3634,4,clean_serie3,10170,1,0.17537387
3635,4,clean_serie3,10200,1,0.30164048
3636,4,clean_serie3,10230,1,0.40406582
3637,4,clean_serie3,10260,1,0.5395969
3638,4,clean_serie3,10290,1,0.6526387
3639,4,clean_serie3,10320,1,0.5801071
3640,4,clean_serie3,10350,1,0.4918089
3641,4,clean_serie3,10380,1,0.36324546
3642,4,clean_serie3,10410,1,0.19952981
3643,4,clean_serie3,10440,1,0.2394837
3644,4,clean_serie3,10470,1,0.38590777
3645,4,clean_serie3,10500,1,0.44698268
3646,4,clean_serie3,10530,1,0.43174997
3647,4,clean_serie3,10560,1,0.33573776
3648,4,clean_serie3,10590,1,0.17846413
3649,4,clean_serie3,10620,1,0.12267206
3650,4,clean_serie3,10650,1,0.15812731
3651,4,clean_serie3,10680,1,0.18765341
3652,4,clean_serie3,10710,1,0.20485179
3653,4,clean_serie3,10740,1,0.21734202
3654,4,clean_serie3,10770,1,0.27822757
3655,4,clean_serie3,10800,1,0.35949698
3656,4,clean_serie3,10830,1,0.39150736
3657,4,clean_serie3,10860,1,0.36981007
3658,4,clean_serie3,10890,1,0.27171126
3659,4,clean_serie3,10920,1,0.1759781
3660,4,clean_serie3,10950,1,0.14116135
3661,4,clean_serie3,10980,1,0.17005788
3662,4,clean_serie3,11010,1,0.19443534
3663,4,clean_serie3,11040,1,0.17913719
3664,4,clean_serie3,11070,1,0.14772527
3665,4,clean_serie3,11100,1,0.1329066
3666,4,clean_serie3,11130,1,0.18535496
3667,4,clean_serie3,11160,1,0.33635992
3668,4,clean_serie3,11190,1,0.47520268
3669,4,clean_serie3,11220,1,0.5299982
3670,4,clean_serie3,11250,1,0.5136842
3671,4,clean_serie3,11280,1,0.4651541
3672,4,clean_serie3,11310,1,0.44422978
3673,4,clean_serie3,11340,1,0.6936949
3674,4,clean_serie3,11370,1,1.0680913
3675,4,clean_serie3,11400,1,1.2663741
3676,4,clean_serie3,11430,1,1.20187
3677,4,clean_serie3,11460,1,0.8869577
3678,4,clean_serie3,11490,1,0.45253652
3679,4,clean_serie3,11520,1,0.15735754
3680,4,clean_serie3,11550,1,0.1038291
3681,4,clean_serie3,11580,1,0.0780535
3682,4,clean_serie3,11610,1,0.0676422
3683,4,clean_serie3,11640,1,0.06995236
3684,4,clean_serie3,11670,1,0.07461033
3685,4,clean_serie3,11700,1,0.07618925
3686,4,clean_serie3,11730,1,0.07878813
3687,4,clean_serie3,11760,1,0.0733757
3688,4,clean_serie3,11790,1,0.0694513
3689,4,clean_serie3,11820,1,0.07238903
3690,4,clean_serie3,11850,1,0.07984805
3691,4,clean_serie3,11880,1,0.08830672
3692,4,clean_serie3,11910,1,0.08839046
3693,4,clean_serie3,11940,1,0.087965176
3694,4,clean_serie3,11970,1,0.08949083
3695,4,clean_serie3,12000,1,0.09018092
3696,4,clean_serie3,12030,1,0.09654409
3697,4,clean_serie3,12060,1,0.10910229
3698,4,clean_serie3,12090,1,0.112922035
3699,4,clean_serie3,12120,1,0.13908419
3700,4,clean_serie3,12150,1,0.19509664
3701,4,clean_serie3,12180,1,0.29997107
3702,4,clean_serie3,12210,1,0.71051556
3703,4,clean_serie3,12240,1,1.4891424
3704,4,clean_serie3,12270,1,2.2832778
3705,4,clean_serie3,12300,1,2.4110534
3706,4,clean_serie3,12330,1,2.0496535
3707,4,clean_serie3,12360,1,1.2855371
3708,4,clean_serie3,12390,1,0.44616088
3709,4,clean_serie3,12420,1,0.18624303
3710,4,clean_serie3,12450,1,0.17220496
3711,4,clean_serie3,12480,1,0.21646093
3712,4,clean_serie3,12510,1,0.27078435
3713,4,clean_serie3,12540,1,0.2783076
3714,4,clean_serie3,12570,1,0.7929485
3715,4,clean_serie3,12600,1,1.6604881
3716,4,clean_serie3,12630,1,2.552835
3717,4,clean_serie3,12660,1,2.8114326
3718,4,clean_serie3,12690,1,2.419333
3719,4,clean_serie3,12720,1,1.5153971
3720,4,clean_serie3,12750,1,0.5750699
3721,4,clean_serie3,12780,1,0.3293396
3722,4,clean_serie3,12810,1,0.26447546
3723,4,clean_serie3,12840,1,0.29574293
3724,4,clean_serie3,12870,1,0.32978272
3725,4,clean_serie3,12900,1,0.35649744
3726,4,clean_serie3,12930,1,0.43348795
3727,4,clean_serie3,12960,1,0.5615153
3728,4,clean_serie3,12990,1,0.716211
3729,4,clean_serie3,13020,1,0.8421572
3730,4,clean_serie3,13050,1,0.90686524
3731,4,clean_serie3,13080,1,0.81994426
3732,4,clean_serie3,13110,1,0.74474144
3733,4,clean_serie3,13140,1,0.6256001
3734,4,clean_serie3,13170,1,0.46472088
3735,4,clean_serie3,13200,1,0.36617807
3736,4,clean_serie3,13230,1,0.28106207
3737,4,clean_serie3,13260,1,0.24816477
3738,4,clean_serie3,13290,1,0.22482218
3739,4,clean_serie3,13320,1,0.30543166
3740,4,clean_serie3,13350,1,0.5286726
3741,4,clean_serie3,13380,1,0.78086364
3742,4,clean_serie3,13410,1,0.9571303
3743,4,clean_serie3,13440,1,0.93668437
3744,4,clean_serie3,13470,1,0.7742488
3745,4,clean_serie3,13500,1,0.5617934
3746,4,clean_serie3,13530,1,0.4266672
3747,4,clean_serie3,13560,1,0.40354112
3748,4,clean_serie3,13590,1,0.34783402
3749,4,clean_serie3,13620,1,0.26974624
3750,4,clean_serie3,13650,1,0.1967447
3751,4,clean_serie3,13680,1,0.114095815
3752,4,clean_serie3,13710,1,0.06952129
3753,4,clean_serie3,13740,1,0.06066765
3754,4,clean_serie3,13770,0,0.064970836
3755,4,clean_serie3,13800,0,0.066133246
3756,4,clean_serie3,13830,1,0.06420722
3757,4,clean_serie3,13860,1,0.061570834
3758,4,clean_serie3,13890,1,0.061996575
3759,4,clean_serie3,13920,0,0.06457928
3760,4,clean_serie3,13950,0,0.065624185
3761,4,clean_serie3,13980,0,0.0694814
3762,4,clean_serie3,14010,0,0.067520365
3763,4,clean_serie3,14040,0,0.06870201
3764,4,clean_serie3,14070,1,0.069779925
3765,4,clean_serie3,14100,1,0.08918677
3766,4,clean_serie3,14130,1,0.15761544
3767,4,clean_serie3,14160,1,0.30460474
3768,4,clean_serie3,14190,1,0.5644597
3769,4,clean_serie3,14220,1,0.82659525
3770,4,clean_serie3,14250,1,1.0295539
3771,4,clean_serie3,14280,1,1.0001947
3772,4,clean_serie3,14310,1,0.85529727
3773,4,clean_serie3,14340,1,0.65896636
3774,4,clean_serie3,14370,1,0.543627
3775,4,clean_serie3,14400,1,0.52784646
3776,4,clean_serie3,14430,1,0.5339527
3777,4,clean_serie3,14460,1,0.49393213
3778,4,clean_serie3,14490,1,0.4245676
3779,4,clean_serie3,14520,1,0.38871375
3780,4,clean_serie3,14550,1,0.32750583
3781,4,clean_serie3,14580,1,0.2972898
3782,4,clean_serie3,14610,1,0.26622888
3783,4,clean_serie3,14640,1,0.25652444
3784,4,clean_serie3,14670,1,0.36079174
3785,4,clean_serie3,14700,1,0.5478271
3786,4,clean_serie3,14730,1,0.6781424
3787,4,clean_serie3,14760,1,0.7351306
3788,4,clean_serie3,14790,1,0.6753927
3789,4,clean_serie3,14820,1,0.545167
3790,4,clean_serie3,14850,1,0.46257493
3791,4,clean_serie3,14880,1,0.39114526
3792,4,clean_serie3,14910,1,0.37312156
3793,4,clean_serie3,14940,1,0.38452798
3794,4,clean_serie3,14970,1,0.40590957
3795,4,clean_serie3,15000,1,0.46021616
3796,4,clean_serie3,15030,1,0.52852315
3797,4,clean_serie3,15060,1,0.55718106
3798,4,clean_serie3,15090,1,0.54783607
3799,4,clean_serie3,15120,1,0.534233
3800,4,clean_serie3,15150,1,0.5252711
3801,4,clean_serie3,15180,1,0.432096
3802,4,clean_serie3,15210,1,0.32125515
3803,4,clean_serie3,15240,1,0.2257043
3804,4,clean_serie3,15270,1,0.11117872
3805,4,clean_serie3,15300,1,0.0694035
3806,4,clean_serie3,15330,1,0.066998705
3807,4,clean_serie3,15360,1,0.06458586
3808,4,clean_serie3,15390,1,0.064533286
3809,4,clean_serie3,15420,1,0.06856254
3810,4,clean_serie3,15450,1,0.07904188
3811,4,clean_serie3,15480,1,0.08582659
3812,4,clean_serie3,15510,1,0.085912414
3813,4,clean_serie3,15540,1,0.07758851
3814,4,clean_serie3,15570,1,0.068860576
3815,4,clean_serie3,15600,1,0.064106725
3816,4,clean_serie3,15630,1,0.07042458
3817,4,clean_serie3,15660,1,0.09524222
3818,4,clean_serie3,15690,1,0.15860209
3819,4,clean_serie3,15720,1,0.262482
3820,4,clean_serie3,15750,1,0.3733248
3821,4,clean_serie3,15780,1,0.753215
3822,4,clean_serie3,15810,1,1.552061
3823,4,clean_serie3,15840,1,2.3573809
3824,4,clean_serie3,15870,1,2.5227137
3825,4,clean_serie3,15900,1,2.4724479
3826,4,clean_serie3,15930,1,2.0327432
3827,4,clean_serie3,15960,1,1.3887873
3828,4,clean_serie3,15990,1,1.2243562
3829,4,clean_serie3,16020,1,0.98201925
3830,4,clean_serie3,16050,1,0.57872957
3831,4,clean_serie3,16080,1,0.33415553
3832,4,clean_serie3,16110,1,0.22969401
3833,4,clean_serie3,16140,1,0.17425856
3834,4,clean_serie3,16170,1,0.19315462
3835,4,clean_serie3,16200,1,0.23124054
3836,4,clean_serie3,16230,1,0.25463668
3837,4,clean_serie3,16260,1,0.3525349
3838,4,clean_serie3,16290,1,0.51200294
3839,4,clean_serie3,16320,1,0.6689226
3840,4,clean_serie3,16350,1,0.7129602
3841,4,clean_serie3,16380,1,0.619943
3842,4,clean_serie3,16410,1,0.50554013
3843,4,clean_serie3,16440,1,0.44697082
3844,4,clean_serie3,16470,1,0.5516138
3845,4,clean_serie3,16500,1,0.80828077
3846,4,clean_serie3,16530,1,1.1201835
3847,4,clean_serie3,16560,1,1.3835435
3848,4,clean_serie3,16590,1,1.3332287
3849,4,clean_serie3,16620,1,1.1345212
3850,4,clean_serie3,16650,1,0.8356696
3851,4,clean_serie3,16680,1,0.50027204
3852,4,clean_serie3,16710,1,0.39768785
3853,4,clean_serie3,16740,1,0.3524189
3854,4,clean_serie3,16770,1,0.2708775
3855,4,clean_serie3,16800,1,0.1898888
3856,4,clean_serie3,16830,1,0.13616948
3857,4,clean_serie3,16860,1,0.096244946
3858,4,clean_serie3,16890,1,0.09336555
3859,4,clean_serie3,16920,1,0.094126076
3860,4,clean_serie3,16950,1,0.08967621
3861,4,clean_serie3,16980,1,0.08537832
3862,4,clean_serie3,17010,1,0.078608595
3863,4,clean_serie3,17040,1,0.07462678
3864,4,clean_serie3,17070,1,0.07407518
3865,4,clean_serie3,17100,1,0.07337021
3866,4,clean_serie3,17130,1,0.073783204
3867,4,clean_serie3,17160,1,0.07310569
3868,4,clean_serie3,17190,1,0.07342467
3869,4,clean_serie3,17220,1,0.0810447
3870,4,clean_serie3,17250,1,0.11019675
3871,4,clean_serie3,17280,1,0.15099144
3872,4,clean_serie3,17310,1,0.24115746
3873,4,clean_serie3,17340,1,0.43936473
3874,4,clean_serie3,17370,1,0.70180553
3875,4,clean_serie3,17400,1,0.99774027
3876,4,clean_serie3,17430,1,1.1560247
3877,4,clean_serie3,17460,1,1.0239062
3878,4,clean_serie3,17490,1,0.790488
3879,4,clean_serie3,17520,1,0.54657847
3880,4,clean_serie3,17550,1,0.4276884
3881,5,clean_serie31,0,1,0.6158846
3882,5,clean_serie31,30,1,0.59966296
3883,5,clean_serie31,60,1,0.60220426
3884,5,clean_serie31,90,1,0.55115765
3885,5,clean_serie31,120,1,0.47506887
3886,5,clean_serie31,150,1,0.35383263
3887,5,clean_serie31,180,1,0.24449623
3888,5,clean_serie31,210,1,0.17382891
3889,5,clean_serie31,240,1,0.1320475
3890,5,clean_serie31,270,1,0.13481602
3891,5,clean_serie31,300,1,0.20045684
3892,5,clean_serie31,330,1,0.27871534
3893,5,clean_serie31,360,1,0.32585943
3894,5,clean_serie31,390,1,0.37708202
3895,5,clean_serie31,420,1,0.38214543
3896,5,clean_serie31,450,1,0.36564234
3897,5,clean_serie31,480,1,0.37386918
3898,5,clean_serie31,510,1,0.40337825
3899,5,clean_serie31,540,1,0.42227876
3900,5,clean_serie31,570,1,0.41204238
3901,5,clean_serie31,600,1,0.4048544
3902,5,clean_serie31,630,1,0.32174173
3903,5,clean_serie31,660,1,0.22851957
3904,5,clean_serie31,690,1,0.16334398
3905,5,clean_serie31,720,1,0.102616236
3906,5,clean_serie31,750,1,0.08489377
3907,5,clean_serie31,780,1,0.085357435
3908,5,clean_serie31,810,1,0.11075839
3909,5,clean_serie31,840,1,0.15752545
3910,5,clean_serie31,870,1,0.24657018
3911,5,clean_serie31,900,1,0.3163295
3912,5,clean_serie31,930,1,0.36413318
3913,5,clean_serie31,960,1,0.39475432
3914,5,clean_serie31,990,1,0.35616103
3915,5,clean_serie31,1020,1,0.3049978
3916,5,clean_serie31,1050,1,0.2595455
3917,5,clean_serie31,1080,1,0.2005652
3918,5,clean_serie31,1110,1,0.1581795
3919,5,clean_serie31,1140,1,0.12373631
3920,5,clean_serie31,1170,1,0.102418765
3921,5,clean_serie31,1200,1,0.08910578
3922,5,clean_serie31,1230,1,0.07986262
3923,5,clean_serie31,1260,1,0.08379674
3924,5,clean_serie31,1290,1,0.07845007
3925,5,clean_serie31,1320,1,0.07745134
3926,5,clean_serie31,1350,1,0.07326118
3927,5,clean_serie31,1380,1,0.07745244
3928,5,clean_serie31,1410,1,0.079863995
3929,5,clean_serie31,1440,1,0.08045359
3930,5,clean_serie31,1470,1,0.083151534
3931,5,clean_serie31,1500,1,0.0720466
3932,5,clean_serie31,1530,1,0.073983096
3933,5,clean_serie31,1560,1,0.082643226
3934,5,clean_serie31,1590,1,0.09382516
3935,5,clean_serie31,1620,1,0.09274796
3936,5,clean_serie31,1650,1,0.090185955
3937,5,clean_serie31,1680,1,0.085091054
3938,5,clean_serie31,1710,1,0.072599806
3939,5,clean_serie31,1740,1,0.07286624
3940,5,clean_serie31,1770,1,0.106259435
3941,5,clean_serie31,1800,1,0.17981082
3942,5,clean_serie31,1830,1,0.24985647
3943,5,clean_serie31,1860,1,0.28581652
3944,5,clean_serie31,1890,1,0.26829606
3945,5,clean_serie31,1920,1,0.19914691
3946,5,clean_serie31,1950,1,0.12962593
3947,5,clean_serie31,1980,1,0.096508175
3948,5,clean_serie31,2010,1,0.09882192
3949,5,clean_serie31,2040,1,0.11844104
3950,5,clean_serie31,2070,1,0.14397593
3951,5,clean_serie31,2100,1,0.18253927
3952,5,clean_serie31,2130,1,0.21428792
3953,5,clean_serie31,2160,1,0.24142545
3954,5,clean_serie31,2190,1,0.25983953
3955,5,clean_serie31,2220,1,0.26095158
3956,5,clean_serie31,2250,1,0.25078538
3957,5,clean_serie31,2280,1,0.2684858
3958,5,clean_serie31,2310,1,0.28175184
3959,5,clean_serie31,2340,1,0.27501842
3960,5,clean_serie31,2370,1,0.2627738
3961,5,clean_serie31,2400,1,0.22430158
3962,5,clean_serie31,2430,1,0.20200135
3963,5,clean_serie31,2460,1,0.21079753
3964,5,clean_serie31,2490,1,0.23156601
3965,5,clean_serie31,2520,1,0.23555464
3966,5,clean_serie31,2550,1,0.22323832
3967,5,clean_serie31,2580,1,0.20937707
3968,5,clean_serie31,2610,1,0.21214847
3969,5,clean_serie31,2640,1,0.21672367
3970,5,clean_serie31,2670,1,0.19390851
3971,5,clean_serie31,2700,1,0.16528492
3972,5,clean_serie31,2730,1,0.12173836
3973,5,clean_serie31,2760,1,0.08181403
3974,5,clean_serie31,2790,1,0.079210736
3975,5,clean_serie31,2820,1,0.07622562
3976,5,clean_serie31,2850,0,0.071582645
3977,5,clean_serie31,2880,0,0.068790846
3978,5,clean_serie31,2910,0,0.06579135
3979,5,clean_serie31,2940,0,0.06268766
3980,5,clean_serie31,2970,0,0.06671702
3981,5,clean_serie31,3000,0,0.07283959
3982,5,clean_serie31,3030,1,0.09382263
3983,5,clean_serie31,3060,1,0.11290314
3984,5,clean_serie31,3090,1,0.12859531
3985,5,clean_serie31,3120,1,0.14539483
3986,5,clean_serie31,3150,1,0.16298543
3987,5,clean_serie31,3180,1,0.20179462
3988,5,clean_serie31,3210,1,0.2654784
3989,5,clean_serie31,3240,1,0.28840196
3990,5,clean_serie31,3270,1,0.27366683
3991,5,clean_serie31,3300,1,0.22390725
3992,5,clean_serie31,3330,1,0.15002012
3993,5,clean_serie31,3360,1,0.110951275
3994,5,clean_serie31,3390,1,0.099334955
3995,5,clean_serie31,3420,1,0.10160199
3996,5,clean_serie31,3450,1,0.11853049
3997,5,clean_serie31,3480,1,0.15064675
3998,5,clean_serie31,3510,1,0.18611887
3999,5,clean_serie31,3540,1,0.19385979
4000,5,clean_serie31,3570,1,0.17434585
4001,5,clean_serie31,3600,1,0.1362575
4002,5,clean_serie31,3630,1,0.097819
4003,5,clean_serie31,3660,1,0.07744831
4004,5,clean_serie31,3690,1,0.075591326
4005,5,clean_serie31,3720,1,0.07101049
4006,5,clean_serie31,3750,1,0.071625434
4007,5,clean_serie31,3780,1,0.073446214
4008,5,clean_serie31,3810,1,0.09127109
4009,5,clean_serie31,3840,1,0.133286
4010,5,clean_serie31,3870,1,0.20211571
4011,5,clean_serie31,3900,1,0.27792037
4012,5,clean_serie31,3930,1,0.38711262
4013,5,clean_serie31,3960,1,0.5089234
4014,5,clean_serie31,3990,1,0.5766656
4015,5,clean_serie31,4020,1,0.5721181
4016,5,clean_serie31,4050,1,0.52122897
4017,5,clean_serie31,4080,1,0.42819098
4018,5,clean_serie31,4110,1,0.33339733
4019,5,clean_serie31,4140,1,0.2791667
4020,5,clean_serie31,4170,1,0.2203226
4021,5,clean_serie31,4200,1,0.16563094
4022,5,clean_serie31,4230,1,0.14017501
4023,5,clean_serie31,4260,1,0.13304897
4024,5,clean_serie31,4290,1,0.13790959
4025,5,clean_serie31,4320,1,0.14169495
4026,5,clean_serie31,4350,1,0.13930471
4027,5,clean_serie31,4380,1,0.12999505
4028,5,clean_serie31,4410,1,0.10693626
4029,5,clean_serie31,4440,1,0.08428077
4030,5,clean_serie31,4470,1,0.07235637
4031,5,clean_serie31,4500,1,0.06855972
4032,5,clean_serie31,4530,1,0.07085139
4033,5,clean_serie31,4560,0,0.06739074
4034,5,clean_serie31,4590,0,0.06462464
4035,5,clean_serie31,4620,0,0.06347734
4036,5,clean_serie31,4650,0,0.06386934
4037,5,clean_serie31,4680,1,0.0652988
4038,5,clean_serie31,4710,1,0.064856745
4039,5,clean_serie31,4740,1,0.06188436
4040,5,clean_serie31,4770,1,0.06136083
4041,5,clean_serie31,4800,1,0.06525049
4042,5,clean_serie31,4830,1,0.062049236
4043,5,clean_serie31,4860,1,0.06142888
4044,5,clean_serie31,4890,1,0.06176964
4045,5,clean_serie31,4920,1,0.06688389
4046,5,clean_serie31,4950,1,0.11318421
4047,5,clean_serie31,4980,1,0.18043023
4048,5,clean_serie31,5010,1,0.24049713
4049,5,clean_serie31,5040,1,0.24475119
4050,5,clean_serie31,5070,1,0.21947362
4051,5,clean_serie31,5100,1,0.17634784
4052,5,clean_serie31,5130,1,0.1388557
4053,5,clean_serie31,5160,1,0.13878246
4054,5,clean_serie31,5190,1,0.13173462
4055,5,clean_serie31,5220,1,0.11651545
4056,5,clean_serie31,5250,1,0.09909574
4057,5,clean_serie31,5280,1,0.08768379
4058,5,clean_serie31,5310,1,0.09057292
4059,5,clean_serie31,5340,1,0.10018237
4060,5,clean_serie31,5370,1,0.10006047
4061,5,clean_serie31,5400,1,0.103254534
4062,5,clean_serie31,5430,1,0.09728291
4063,5,clean_serie31,5460,1,0.08863053
4064,5,clean_serie31,5490,1,0.09300059
4065,5,clean_serie31,5520,1,0.11908546
4066,5,clean_serie31,5550,1,0.14074726
4067,5,clean_serie31,5580,1,0.16444959
4068,5,clean_serie31,5610,1,0.16763556
4069,5,clean_serie31,5640,1,0.15138234
4070,5,clean_serie31,5670,1,0.14876501
4071,5,clean_serie31,5700,1,0.15843107
4072,5,clean_serie31,5730,1,0.1825762
4073,5,clean_serie31,5760,1,0.19437495
4074,5,clean_serie31,5790,1,0.20124355
4075,5,clean_serie31,5820,1,0.19817626
4076,5,clean_serie31,5850,1,0.19186305
4077,5,clean_serie31,5880,1,0.19324361
4078,5,clean_serie31,5910,1,0.17970878
4079,5,clean_serie31,5940,1,0.14988539
4080,5,clean_serie31,5970,1,0.11845137
4081,5,clean_serie31,6000,1,0.09365013
4082,5,clean_serie31,6030,1,0.072453335
4083,5,clean_serie31,6060,1,0.061451893
4084,5,clean_serie31,6090,1,0.06093441
4085,5,clean_serie31,6120,0,0.059356816
4086,5,clean_serie31,6150,0,0.06308575
4087,5,clean_serie31,6180,0,0.067524776
4088,5,clean_serie31,6210,0,0.07156789
4089,5,clean_serie31,6240,1,0.07284419
4090,5,clean_serie31,6270,1,0.07257356
4091,5,clean_serie31,6300,0,0.06793121
4092,5,clean_serie31,6330,0,0.06087382
4093,5,clean_serie31,6360,0,0.060391095
4094,5,clean_serie31,6390,0,0.059427146
4095,5,clean_serie31,6420,1,0.07152866
4096,5,clean_serie31,6450,1,0.10985664
4097,5,clean_serie31,6480,1,0.20724963
4098,5,clean_serie31,6510,1,0.3094363
4099,5,clean_serie31,6540,1,0.3493426
4100,5,clean_serie31,6570,1,0.33658636
4101,5,clean_serie31,6600,1,0.24954951
4102,5,clean_serie31,6630,1,0.1566603
4103,5,clean_serie31,6660,1,0.108831584
4104,5,clean_serie31,6690,1,0.084420726
4105,5,clean_serie31,6720,1,0.07162612
4106,5,clean_serie31,6750,1,0.063873395
4107,5,clean_serie31,6780,1,0.061947085
4108,5,clean_serie31,6810,1,0.067794256
4109,5,clean_serie31,6840,1,0.09600759
4110,5,clean_serie31,6870,1,0.13998744
4111,5,clean_serie31,6900,1,0.17354599
4112,5,clean_serie31,6930,1,0.18588714
4113,5,clean_serie31,6960,1,0.17137769
4114,5,clean_serie31,6990,1,0.14468168
4115,5,clean_serie31,7020,1,0.16666946
4116,5,clean_serie31,7050,1,0.23525919
4117,5,clean_serie31,7080,1,0.2803048
4118,5,clean_serie31,7110,1,0.3059861
4119,5,clean_serie31,7140,1,0.27438274
4120,5,clean_serie31,7170,1,0.20166159
4121,5,clean_serie31,7200,1,0.16500267
4122,5,clean_serie31,7230,1,0.16135827
4123,5,clean_serie31,7260,1,0.1658806
4124,5,clean_serie31,7290,1,0.16141123
4125,5,clean_serie31,7320,1,0.14319493
4126,5,clean_serie31,7350,1,0.10934269
4127,5,clean_serie31,7380,0,0.07992171
4128,5,clean_serie31,7410,0,0.06304679
4129,5,clean_serie31,7440,0,0.059293315
4130,5,clean_serie31,7470,0,0.05405904
4131,5,clean_serie31,7500,0,0.051186863
4132,5,clean_serie31,7530,0,0.052023355
4133,5,clean_serie31,7560,0,0.05430819
4134,5,clean_serie31,7590,0,0.05383859
4135,5,clean_serie31,7620,0,0.052090034
4136,5,clean_serie31,7650,0,0.051987655
4137,5,clean_serie31,7680,0,0.05641805
4138,5,clean_serie31,7710,0,0.062354267
4139,5,clean_serie31,7740,0,0.066381656
4140,5,clean_serie31,7770,0,0.06744234
4141,5,clean_serie31,7800,0,0.06496473
4142,5,clean_serie31,7830,1,0.06301549
4143,5,clean_serie31,7860,1,0.061274584
4144,5,clean_serie31,7890,1,0.064490646
4145,5,clean_serie31,7920,1,0.06542304
4146,5,clean_serie31,7950,1,0.0675587
4147,5,clean_serie31,7980,1,0.08253277
4148,5,clean_serie31,8010,1,0.13279617
4149,5,clean_serie31,8040,1,0.21200295
4150,5,clean_serie31,8070,1,0.27446762
4151,5,clean_serie31,8100,1,0.29497182
4152,5,clean_serie31,8130,1,0.24564509
4153,5,clean_serie31,8160,1,0.16671558
4154,5,clean_serie31,8190,1,0.1050347
4155,5,clean_serie31,8220,1,0.07123828
4156,5,clean_serie31,8250,0,0.067618825
4157,5,clean_serie31,8280,0,0.075376436
4158,5,clean_serie31,8310,1,0.082113355
4159,5,clean_serie31,8340,1,0.119215466
4160,5,clean_serie31,8370,1,0.18714215
4161,5,clean_serie31,8400,1,0.24106497
4162,5,clean_serie31,8430,1,0.26832762
4163,5,clean_serie31,8460,1,0.26253715
4164,5,clean_serie31,8490,1,0.27809754
4165,5,clean_serie31,8520,1,0.3770027
4166,5,clean_serie31,8550,1,0.46263865
4167,5,clean_serie31,8580,1,0.48311675
4168,5,clean_serie31,8610,1,0.4348814
4169,5,clean_serie31,8640,1,0.3044295
4170,5,clean_serie31,8670,1,0.2116691
4171,5,clean_serie31,8700,1,0.1984737
4172,5,clean_serie31,8730,1,0.18848379
4173,5,clean_serie31,8760,1,0.16875471
4174,5,clean_serie31,8790,1,0.13857536
4175,5,clean_serie31,8820,1,0.10462511
4176,5,clean_serie31,8850,1,0.101633616
4177,5,clean_serie31,8880,1,0.122667834
4178,5,clean_serie31,8910,1,0.13901958
4179,5,clean_serie31,8940,1,0.13930844
4180,5,clean_serie31,8970,1,0.121478476
4181,5,clean_serie31,9000,1,0.08954389
4182,5,clean_serie31,9030,1,0.070971474
4183,5,clean_serie31,9060,1,0.06638659
4184,5,clean_serie31,9090,1,0.065612994
4185,5,clean_serie31,9120,1,0.0627104
4186,5,clean_serie31,9150,1,0.057464264
4187,5,clean_serie31,9180,1,0.054963544
4188,5,clean_serie31,9210,1,0.058876812
4189,5,clean_serie31,9240,1,0.061321743
4190,5,clean_serie31,9270,1,0.06720293
4191,5,clean_serie31,9300,1,0.07313017
4192,5,clean_serie31,9330,1,0.07174507
4193,5,clean_serie31,9360,1,0.07175848
4194,5,clean_serie31,9390,1,0.07232414
4195,5,clean_serie31,9420,1,0.0686684
4196,5,clean_serie31,9450,1,0.06735429
4197,5,clean_serie31,9480,1,0.07024909
4198,5,clean_serie31,9510,1,0.070266925
4199,5,clean_serie31,9540,1,0.09553124
4200,5,clean_serie31,9570,1,0.16177587
4201,5,clean_serie31,9600,1,0.23678294
4202,5,clean_serie31,9630,1,0.27740657
4203,5,clean_serie31,9660,1,0.27510157
4204,5,clean_serie31,9690,1,0.22451098
4205,5,clean_serie31,9720,1,0.14810336
4206,5,clean_serie31,9750,1,0.11218951
4207,5,clean_serie31,9780,1,0.09585683
4208,5,clean_serie31,9810,1,0.08919291
4209,5,clean_serie31,9840,1,0.08543352
4210,5,clean_serie31,9870,0,0.085057385
4211,5,clean_serie31,9900,0,0.07683547
4212,5,clean_serie31,9930,1,0.08362905
4213,5,clean_serie31,9960,1,0.10504223
4214,5,clean_serie31,9990,1,0.14645809
4215,5,clean_serie31,10020,1,0.18886943
4216,5,clean_serie31,10050,1,0.20585833
4217,5,clean_serie31,10080,1,0.21445476
4218,5,clean_serie31,10110,1,0.23358428
4219,5,clean_serie31,10140,1,0.2931011
4220,5,clean_serie31,10170,1,0.33811012
4221,5,clean_serie31,10200,1,0.3727555
4222,5,clean_serie31,10230,1,0.3409449
4223,5,clean_serie31,10260,1,0.24857153
4224,5,clean_serie31,10290,1,0.18136139
4225,5,clean_serie31,10320,1,0.12636895
4226,5,clean_serie31,10350,1,0.097605705
4227,5,clean_serie31,10380,1,0.09024785
4228,5,clean_serie31,10410,1,0.088403255
4229,5,clean_serie31,10440,1,0.09068078
4230,5,clean_serie31,10470,1,0.105932
4231,5,clean_serie31,10500,1,0.13046485
4232,5,clean_serie31,10530,1,0.1571698
4233,5,clean_serie31,10560,1,0.16941689
4234,5,clean_serie31,10590,1,0.17351809
4235,5,clean_serie31,10620,1,0.17133285
4236,5,clean_serie31,10650,1,0.15686612
4237,5,clean_serie31,10680,1,0.14981036
4238,5,clean_serie31,10710,1,0.1301115
4239,5,clean_serie31,10740,1,0.11887011
4240,5,clean_serie31,10770,1,0.119608514
4241,5,clean_serie31,10800,1,0.12649997
4242,5,clean_serie31,10830,1,0.13832457
4243,5,clean_serie31,10860,1,0.1486028
4244,5,clean_serie31,10890,1,0.13540092
4245,5,clean_serie31,10920,1,0.10958594
4246,5,clean_serie31,10950,1,0.091600135
4247,5,clean_serie31,10980,0,0.070366584
4248,5,clean_serie31,11010,0,0.05703046
4249,5,clean_serie31,11040,1,0.057377715
4250,5,clean_serie31,11070,1,0.057547193
4251,5,clean_serie31,11100,1,0.06911363
4252,5,clean_serie31,11130,1,0.07263784
4253,5,clean_serie31,11160,1,0.07521703
4254,5,clean_serie31,11190,0,0.07440504
4255,5,clean_serie31,11220,0,0.06475422
4256,5,clean_serie31,11250,0,0.06315559
4257,5,clean_serie31,11280,0,0.06240195
4258,5,clean_serie31,11310,0,0.064175315
4259,5,clean_serie31,11340,0,0.06156114
4260,5,clean_serie31,11370,0,0.059525616
4261,5,clean_serie31,11400,0,0.05601809
4262,5,clean_serie31,11430,0,0.057016037
4263,5,clean_serie31,11460,1,0.061268896
4264,5,clean_serie31,11490,1,0.09050187
4265,5,clean_serie31,11520,1,0.15960751
4266,5,clean_serie31,11550,1,0.23798025
4267,5,clean_serie31,11580,1,0.27410707
4268,5,clean_serie31,11610,1,0.28712997
4269,5,clean_serie31,11640,1,0.23457672
4270,5,clean_serie31,11670,1,0.15323825
4271,5,clean_serie31,11700,1,0.11763141
4272,5,clean_serie31,11730,1,0.08876085
4273,5,clean_serie31,11760,1,0.07675212
4274,5,clean_serie31,11790,1,0.087016016
4275,5,clean_serie31,11820,1,0.09163007
4276,5,clean_serie31,11850,1,0.0943735
4277,5,clean_serie31,11880,1,0.097325
4278,5,clean_serie31,11910,1,0.095858134
4279,5,clean_serie31,11940,1,0.08900373
4280,5,clean_serie31,11970,1,0.07851169
4281,5,clean_serie31,12000,1,0.07551763
4282,5,clean_serie31,12030,0,0.072686285
4283,5,clean_serie31,12060,1,0.08774777
4284,5,clean_serie31,12090,1,0.11977951
4285,5,clean_serie31,12120,1,0.15199247
4286,5,clean_serie31,12150,1,0.17338066
4287,5,clean_serie31,12180,1,0.17503245
4288,5,clean_serie31,12210,1,0.15320031
4289,5,clean_serie31,12240,1,0.12604813
4290,5,clean_serie31,12270,1,0.12950103
4291,5,clean_serie31,12300,1,0.14003724
4292,5,clean_serie31,12330,1,0.15529197
4293,5,clean_serie31,12360,1,0.1601714
4294,5,clean_serie31,12390,1,0.16702609
4295,5,clean_serie31,12420,1,0.17796452
4296,5,clean_serie31,12450,1,0.19965632
4297,5,clean_serie31,12480,1,0.20520256
4298,5,clean_serie31,12510,1,0.18020643
4299,5,clean_serie31,12540,1,0.14179514
4300,5,clean_serie31,12570,1,0.09133235
4301,5,clean_serie31,12600,0,0.06743541
4302,5,clean_serie31,12630,0,0.062097408
4303,5,clean_serie31,12660,0,0.056487463
4304,5,clean_serie31,12690,0,0.05374051
4305,5,clean_serie31,12720,0,0.053024754
4306,5,clean_serie31,12750,0,0.054775238
4307,5,clean_serie31,12780,0,0.055846766
4308,5,clean_serie31,12810,0,0.057510953
4309,5,clean_serie31,12840,0,0.05933024
4310,5,clean_serie31,12870,0,0.05832416
4311,5,clean_serie31,12900,0,0.05868238
4312,5,clean_serie31,12930,1,0.06019638
4313,5,clean_serie31,12960,1,0.06445061
4314,5,clean_serie31,12990,1,0.06629443
4315,5,clean_serie31,13020,1,0.06813944
4316,5,clean_serie31,13050,1,0.06390491
4317,5,clean_serie31,13080,1,0.056781914
4318,5,clean_serie31,13110,0,0.055642243
4319,5,clean_serie31,13140,0,0.05457091
4320,5,clean_serie31,13170,0,0.057920888
4321,5,clean_serie31,13200,1,0.061904162
4322,5,clean_serie31,13230,1,0.07173646
4323,5,clean_serie31,13260,1,0.10113297
4324,5,clean_serie31,13290,1,0.154432
4325,5,clean_serie31,13320,1,0.22158137
4326,5,clean_serie31,13350,1,0.25419122
4327,5,clean_serie31,13380,1,0.23997223
4328,5,clean_serie31,13410,1,0.1924297
4329,5,clean_serie31,13440,1,0.12849164
4330,5,clean_serie31,13470,1,0.09048586
4331,5,clean_serie31,13500,1,0.08193561
4332,5,clean_serie31,13530,1,0.07808782
4333,5,clean_serie31,13560,1,0.07827574
4334,5,clean_serie31,13590,1,0.096883
4335,5,clean_serie31,13620,1,0.14542522
4336,5,clean_serie31,13650,1,0.1868678
4337,5,clean_serie31,13680,1,0.22027548
4338,5,clean_serie31,13710,1,0.21705319
4339,5,clean_serie31,13740,1,0.17771398
4340,5,clean_serie31,13770,1,0.14940384
4341,5,clean_serie31,13800,1,0.13021861
4342,5,clean_serie31,13830,1,0.14265853
4343,5,clean_serie31,13860,1,0.1540742
4344,5,clean_serie31,13890,1,0.14658271
4345,5,clean_serie31,13920,1,0.13961111
4346,5,clean_serie31,13950,1,0.13811871
4347,5,clean_serie31,13980,1,0.1603941
4348,5,clean_serie31,14010,1,0.20751494
4349,5,clean_serie31,14040,1,0.25714242
4350,5,clean_serie31,14070,1,0.2790228
4351,5,clean_serie31,14100,1,0.26155552
4352,5,clean_serie31,14130,1,0.24774688
4353,5,clean_serie31,14160,1,0.21740788
4354,5,clean_serie31,14190,1,0.18134771
4355,5,clean_serie31,14220,1,0.15691496
4356,5,clean_serie31,14250,1,0.12437505
4357,5,clean_serie31,14280,1,0.09996372
4358,5,clean_serie31,14310,1,0.09379299
4359,5,clean_serie31,14340,1,0.09545829
4360,5,clean_serie31,14370,1,0.11089577
4361,5,clean_serie31,14400,1,0.12197989
4362,5,clean_serie31,14430,1,0.12242208
4363,5,clean_serie31,14460,1,0.119834214
4364,5,clean_serie31,14490,1,0.10935699
4365,5,clean_serie31,14520,1,0.098021485
4366,5,clean_serie31,14550,1,0.11437608
4367,5,clean_serie31,14580,1,0.14277585
4368,5,clean_serie31,14610,1,0.16073541
4369,5,clean_serie31,14640,1,0.15775338
4370,5,clean_serie31,14670,1,0.14187704
4371,5,clean_serie31,14700,1,0.14267136
4372,5,clean_serie31,14730,1,0.16053592
4373,5,clean_serie31,14760,1,0.16791195
4374,5,clean_serie31,14790,1,0.16053438
4375,5,clean_serie31,14820,1,0.12332306
4376,5,clean_serie31,14850,1,0.08500175
4377,5,clean_serie31,14880,1,0.06740439
4378,5,clean_serie31,14910,0,0.06666012
4379,5,clean_serie31,14940,0,0.065224424
4380,5,clean_serie31,14970,0,0.06529608
4381,5,clean_serie31,15000,0,0.06082793
4382,5,clean_serie31,15030,0,0.057981733
4383,5,clean_serie31,15060,0,0.05451736
4384,5,clean_serie31,15090,0,0.04854732
4385,5,clean_serie31,15120,0,0.047283307
4386,5,clean_serie31,15150,0,0.046891212
4387,5,clean_serie31,15180,0,0.04695859
4388,5,clean_serie31,15210,0,0.048037693
4389,5,clean_serie31,15240,0,0.049939968
4390,5,clean_serie31,15270,1,0.057391904
4391,5,clean_serie31,15300,1,0.058939356
4392,5,clean_serie31,15330,1,0.059274025
4393,5,clean_serie31,15360,0,0.057962492
4394,5,clean_serie31,15390,0,0.055619627
4395,5,clean_serie31,15420,0,0.05952488
4396,5,clean_serie31,15450,0,0.0631419
4397,5,clean_serie31,15480,1,0.08019676
4398,5,clean_serie31,15510,1,0.12173464
4399,5,clean_serie31,15540,1,0.1781518
4400,5,clean_serie31,15570,1,0.27557462
4401,5,clean_serie31,15600,1,0.36279896
4402,5,clean_serie31,15630,1,0.41776404
4403,5,clean_serie31,15660,1,0.44989532
4404,5,clean_serie31,15690,1,0.43278503
4405,5,clean_serie31,15720,1,0.38090542
4406,5,clean_serie31,15750,1,0.3172992
4407,5,clean_serie31,15780,1,0.24168478
4408,5,clean_serie31,15810,1,0.1670154
4409,5,clean_serie31,15840,1,0.13416822
4410,5,clean_serie31,15870,1,0.11172345
4411,5,clean_serie31,15900,1,0.10604713
4412,5,clean_serie31,15930,1,0.12101166
4413,5,clean_serie31,15960,1,0.13929795
4414,5,clean_serie31,15990,1,0.17169957
4415,5,clean_serie31,16020,1,0.19538102
4416,5,clean_serie31,16050,1,0.19858794
4417,5,clean_serie31,16080,1,0.21000877
4418,5,clean_serie31,16110,1,0.2126784
4419,5,clean_serie31,16140,1,0.20332004
4420,5,clean_serie31,16170,1,0.20202965
4421,5,clean_serie31,16200,1,0.16123174
4422,5,clean_serie31,16230,1,0.112564445
4423,5,clean_serie31,16260,1,0.07865724
4424,5,clean_serie31,16290,0,0.054171752
4425,5,clean_serie31,16320,0,0.050026838
4426,5,clean_serie31,16350,0,0.0566492
4427,5,clean_serie31,16380,1,0.076948
4428,5,clean_serie31,16410,1,0.09429602
4429,5,clean_serie31,16440,1,0.09575291
4430,5,clean_serie31,16470,1,0.08918712
4431,5,clean_serie31,16500,1,0.0792543
4432,5,clean_serie31,16530,1,0.072976924
4433,5,clean_serie31,16560,1,0.07495327
4434,5,clean_serie31,16590,1,0.085418426
4435,5,clean_serie31,16620,1,0.115019046
4436,5,clean_serie31,16650,1,0.18495038
4437,5,clean_serie31,16680,1,0.2674063
4438,5,clean_serie31,16710,1,0.32342157
4439,5,clean_serie31,16740,1,0.338589
4440,5,clean_serie31,16770,1,0.27947545
4441,5,clean_serie31,16800,1,0.21554576
4442,5,clean_serie31,16830,1,0.1631812
4443,5,clean_serie31,16860,1,0.13033749
4444,5,clean_serie31,16890,1,0.120218545
4445,5,clean_serie31,16920,1,0.1133341
4446,5,clean_serie31,16950,1,0.13402678
4447,5,clean_serie31,16980,1,0.192973
4448,5,clean_serie31,17010,1,0.2475018
4449,5,clean_serie31,17040,1,0.27478632
4450,5,clean_serie31,17070,1,0.27288663
4451,5,clean_serie31,17100,1,0.27957863
4452,5,clean_serie31,17130,1,0.29926017
4453,5,clean_serie31,17160,1,0.3123402
4454,5,clean_serie31,17190,1,0.30006713
4455,5,clean_serie31,17220,1,0.25286174
4456,5,clean_serie31,17250,1,0.20713893
4457,5,clean_serie31,17280,1,0.18158795
4458,5,clean_serie31,17310,1,0.17454684
4459,5,clean_serie31,17340,1,0.14956896
4460,5,clean_serie31,17370,1,0.13019295
4461,5,clean_serie31,17400,1,0.12826516
4462,5,clean_serie31,17430,1,0.13342857
4463,5,clean_serie31,17460,1,0.14868575
4464,5,clean_serie31,17490,1,0.16376394
4465,5,clean_serie31,17520,1,0.16831845
4466,5,clean_serie31,17550,1,0.16509221
4467,5,clean_serie31,17580,1,0.16049922
4468,5,clean_serie31,17610,1,0.17691651
4469,5,clean_serie31,17640,1,0.20782036
4470,5,clean_serie31,17670,1,0.23207484
4471,5,clean_serie31,17700,1,0.2156543
4472,5,clean_serie31,17730,1,0.1710516
4473,5,clean_serie31,17760,1,0.11769437
4474,5,clean_serie31,17790,1,0.07348543
4475,5,clean_serie31,17820,1,0.064206526
4476,5,clean_serie31,17850,1,0.073082455
4477,5,clean_serie31,17880,1,0.07834442
4478,5,clean_serie31,17910,0,0.07734478
4479,5,clean_serie31,17940,0,0.07626521
4480,5,clean_serie31,17970,0,0.06460348
4481,5,clean_serie31,18000,0,0.056177363
4482,5,clean_serie31,18030,0,0.055573743
4483,5,clean_serie31,18060,0,0.055960387
4484,5,clean_serie31,18090,0,0.05589604
4485,5,clean_serie31,18120,0,0.05498881
4486,5,clean_serie31,18150,1,0.06142522
4487,5,clean_serie31,18180,1,0.09592331
4488,5,clean_serie31,18210,1,0.1847362
4489,5,clean_serie31,18240,1,0.2982149
4490,5,clean_serie31,18270,1,0.37450266
4491,5,clean_serie31,18300,1,0.3669194
4492,5,clean_serie31,18330,1,0.3070468
4493,5,clean_serie31,18360,1,0.24192943
4494,5,clean_serie31,18390,1,0.21752807
4495,5,clean_serie31,18420,1,0.22724555
4496,5,clean_serie31,18450,1,0.2517782
4497,5,clean_serie31,18480,1,0.25959277
4498,5,clean_serie31,18510,1,0.2630493
